id,id_sell,instrument,quantity,price,update_timestamp
1000006,1000053,INFY,2.0,19.0,"2023/03/11, 16:21:19"
1000044,1000042,INFY,4.0,15.0,"2023/03/11, 16:21:19"
1000036,1000058,INFY,3.0,17.0,"2023/03/11, 16:21:22"
1000054,1000029,TCS,4.0,14.0,"2023/03/11, 16:21:22"
1000057,1000063,TCS,2.0,15.0,"2023/03/11, 16:21:24"
1000062,1000034,INFY,2.0,15.0,"2023/03/11, 16:21:24"
1000056,1000072,RIL,3.0,13.0,"2023/03/11, 16:21:29"
1000069,1000045,INFY,4.0,19.0,"2023/03/11, 16:21:29"
1000023,1000088,RIL,2.0,12.0,"2023/03/11, 16:21:38"
1000091,1000025,INFY,4.0,18.0,"2023/03/11, 16:21:38"
1000001,1000093,TCS,4.0,11.0,"2023/03/11, 16:21:40"
1000003,1000092,TCS,3.0,16.0,"2023/03/11, 16:21:40"
1000095,1000020,RIL,3.0,15.0,"2023/03/11, 16:21:46"
1000105,1000022,ONGC,4.0,11.0,"2023/03/11, 16:21:46"
1000017,1000107,INFY,4.0,20.0,"2023/03/11, 16:21:47"
1000078,1000106,ONGC,5.0,11.0,"2023/03/11, 16:21:47"
1000035,1000110,RIL,5.0,11.0,"2023/03/11, 16:21:53"
1000120,1000032,ONGC,4.0,15.0,"2023/03/11, 16:21:53"
1000125,1000048,ONGC,2.0,16.0,"2023/03/11, 16:21:57"
1000128,1000109,RIL,4.0,12.0,"2023/03/11, 16:21:57"
1000065,1000130,RIL,3.0,13.0,"2023/03/11, 16:21:58"
1000129,1000031,INFY,3.0,15.0,"2023/03/11, 16:21:58"
1000008,1000137,INFY,3.0,12.0,"2023/03/11, 16:22:02"
1000134,1000059,ONGC,3.0,18.0,"2023/03/11, 16:22:02"
1000005,1000138,RIL,4.0,18.0,"2023/03/11, 16:22:02"
1000141,1000068,INFY,3.0,10.0,"2023/03/11, 16:22:04"
1000142,1000055,RIL,3.0,12.0,"2023/03/11, 16:22:04"
1000111,1000150,TCS,4.0,17.0,"2023/03/11, 16:22:09"
1000152,1000077,TCS,2.0,19.0,"2023/03/11, 16:22:09"
1000002,1000158,TCS,4.0,11.0,"2023/03/11, 16:22:12"
1000030,1000165,TCS,3.0,15.0,"2023/03/11, 16:22:16"
1000160,1000155,ONGC,2.0,16.0,"2023/03/11, 16:22:16"
1000169,1000027,RIL,3.0,11.0,"2023/03/11, 16:22:18"
1000171,1000146,INFY,4.0,14.0,"2023/03/11, 16:22:21"
1000175,1000019,ONGC,4.0,14.0,"2023/03/11, 16:22:21"
1000180,1000051,RIL,4.0,14.0,"2023/03/11, 16:22:24"
1000181,1000087,TCS,5.0,19.0,"2023/03/11, 16:22:24"
1000189,1000086,INFY,2.0,15.0,"2023/03/11, 16:22:28"
1000033,1000200,RIL,3.0,18.0,"2023/03/11, 16:22:33"
1000157,1000195,INFY,3.0,19.0,"2023/03/11, 16:22:33"
1000202,1000041,RIL,3.0,11.0,"2023/03/11, 16:22:36"
1000206,1000073,INFY,3.0,18.0,"2023/03/11, 16:22:36"
1000194,1000207,TCS,3.0,15.0,"2023/03/11, 16:22:38"
1000209,1000188,RIL,2.0,18.0,"2023/03/11, 16:22:38"
1000039,1000217,RIL,4.0,10.0,"2023/03/11, 16:22:42"
1000212,1000190,INFY,2.0,15.0,"2023/03/11, 16:22:42"
1000103,1000220,ONGC,3.0,19.0,"2023/03/11, 16:22:43"
1000133,1000218,TCS,3.0,20.0,"2023/03/11, 16:22:43"
1000227,1000191,RIL,5.0,13.0,"2023/03/11, 16:22:52"
1000237,1000178,TCS,3.0,19.0,"2023/03/11, 16:22:52"
1000083,1000242,TCS,3.0,11.0,"2023/03/11, 16:22:55"
1000170,1000240,RIL,3.0,13.0,"2023/03/11, 16:22:55"
1000247,1000143,ONGC,3.0,12.0,"2023/03/11, 16:22:57"
1000043,1000249,TCS,4.0,11.0,"2023/03/11, 16:23:00"
1000060,1000252,INFY,4.0,12.0,"2023/03/11, 16:23:00"
1000253,1000082,INFY,5.0,12.0,"2023/03/11, 16:23:03"
1000258,1000248,INFY,3.0,19.0,"2023/03/11, 16:23:03"
1000192,1000268,TCS,4.0,13.0,"2023/03/11, 16:23:08"
1000102,1000272,RIL,3.0,16.0,"2023/03/11, 16:23:10"
1000224,1000270,INFY,4.0,17.0,"2023/03/11, 16:23:10"
1000275,1000186,ONGC,3.0,12.0,"2023/03/11, 16:23:11"
1000278,1000013,TCS,4.0,16.0,"2023/03/11, 16:23:13"
1000199,1000283,RIL,4.0,16.0,"2023/03/11, 16:23:15"
1000281,1000213,TCS,4.0,14.0,"2023/03/11, 16:23:15"
1000264,1000285,INFY,3.0,15.0,"2023/03/11, 16:23:17"
1000286,1000038,ONGC,4.0,11.0,"2023/03/11, 16:23:17"
1000288,1000067,ONGC,3.0,15.0,"2023/03/11, 16:23:18"
1000007,1000291,RIL,5.0,17.0,"2023/03/11, 16:23:20"
1000018,1000292,TCS,2.0,17.0,"2023/03/11, 16:23:20"
1000293,1000079,TCS,3.0,18.0,"2023/03/11, 16:23:20"
1000011,1000296,ONGC,5.0,16.0,"2023/03/11, 16:23:22"
1000295,1000096,RIL,3.0,19.0,"2023/03/11, 16:23:22"
1000297,1000100,TCS,3.0,14.0,"2023/03/11, 16:23:22"
1000271,1000309,RIL,5.0,12.0,"2023/03/11, 16:23:28"
1000300,1000298,ONGC,5.0,11.0,"2023/03/11, 16:23:28"
1000148,1000312,INFY,4.0,19.0,"2023/03/11, 16:23:30"
1000311,1000274,ONGC,3.0,12.0,"2023/03/11, 16:23:30"
1000316,1000131,RIL,4.0,19.0,"2023/03/11, 16:23:32"
1000318,1000159,INFY,2.0,13.0,"2023/03/11, 16:23:33"
1000321,1000074,ONGC,3.0,15.0,"2023/03/11, 16:23:34"
1000282,1000323,TCS,3.0,15.0,"2023/03/11, 16:23:36"
1000325,1000119,TCS,3.0,18.0,"2023/03/11, 16:23:36"
1000047,1000327,INFY,2.0,19.0,"2023/03/11, 16:23:37"
1000262,1000332,TCS,4.0,13.0,"2023/03/11, 16:23:40"
1000315,1000330,TCS,4.0,19.0,"2023/03/11, 16:23:40"
1000338,1000115,INFY,3.0,14.0,"2023/03/11, 16:23:43"
1000346,1000122,INFY,4.0,18.0,"2023/03/11, 16:23:47"
1000301,1000357,INFY,3.0,15.0,"2023/03/11, 16:23:53"
1000356,1000126,INFY,3.0,17.0,"2023/03/11, 16:23:53"
1000359,1000080,ONGC,5.0,17.0,"2023/03/11, 16:23:55"
1000362,1000113,INFY,4.0,16.0,"2023/03/11, 16:23:55"
1000154,1000367,ONGC,2.0,15.0,"2023/03/11, 16:24:00"
1000166,1000372,RIL,4.0,15.0,"2023/03/11, 16:24:00"
1000378,1000204,RIL,2.0,16.0,"2023/03/11, 16:24:04"
1000380,1000250,ONGC,4.0,11.0,"2023/03/11, 16:24:04"
1000176,1000383,ONGC,4.0,20.0,"2023/03/11, 16:24:07"
1000347,1000386,TCS,2.0,17.0,"2023/03/11, 16:24:07"
1000387,1000337,TCS,4.0,11.0,"2023/03/11, 16:24:08"
1000215,1000397,RIL,4.0,16.0,"2023/03/11, 16:24:13"
1000396,1000382,ONGC,4.0,16.0,"2023/03/11, 16:24:13"
1000174,1000400,RIL,3.0,14.0,"2023/03/11, 16:24:14"
1000037,1000404,ONGC,2.0,14.0,"2023/03/11, 16:24:19"
1000410,1000012,INFY,2.0,12.0,"2023/03/11, 16:24:19"
1000412,1000085,INFY,2.0,14.0,"2023/03/11, 16:24:20"
1000425,1000417,TCS,4.0,12.0,"2023/03/11, 16:24:28"
1000428,1000139,TCS,3.0,14.0,"2023/03/11, 16:24:28"
1000302,1000429,TCS,3.0,16.0,"2023/03/11, 16:24:29"
1000430,1000164,INFY,3.0,10.0,"2023/03/11, 16:24:29"
1000389,1000432,TCS,3.0,13.0,"2023/03/11, 16:24:30"
1000431,1000263,ONGC,3.0,14.0,"2023/03/11, 16:24:30"
1000331,1000441,TCS,3.0,15.0,"2023/03/11, 16:24:35"
1000076,1000451,TCS,5.0,17.0,"2023/03/11, 16:24:40"
1000384,1000445,TCS,3.0,15.0,"2023/03/11, 16:24:40"
1000452,1000147,INFY,4.0,16.0,"2023/03/11, 16:24:40"
1000098,1000453,INFY,2.0,19.0,"2023/03/11, 16:24:41"
1000454,1000101,RIL,5.0,14.0,"2023/03/11, 16:24:41"
1000455,1000352,TCS,4.0,14.0,"2023/03/11, 16:24:42"
1000140,1000457,RIL,3.0,18.0,"2023/03/11, 16:24:43"
1000459,1000004,ONGC,4.0,13.0,"2023/03/11, 16:24:44"
1000460,1000388,ONGC,3.0,13.0,"2023/03/11, 16:24:45"
1000462,1000112,RIL,2.0,14.0,"2023/03/11, 16:24:45"
1000436,1000465,TCS,3.0,13.0,"2023/03/11, 16:24:48"
1000456,1000467,TCS,3.0,20.0,"2023/03/11, 16:24:48"
1000468,1000184,INFY,2.0,13.0,"2023/03/11, 16:24:48"
1000173,1000470,INFY,3.0,11.0,"2023/03/11, 16:24:49"
1000361,1000471,RIL,4.0,13.0,"2023/03/11, 16:24:50"
1000472,1000121,INFY,4.0,11.0,"2023/03/11, 16:24:50"
1000232,1000479,ONGC,5.0,12.0,"2023/03/11, 16:24:54"
1000476,1000401,ONGC,2.0,12.0,"2023/03/11, 16:24:54"
1000481,1000050,TCS,3.0,17.0,"2023/03/11, 16:24:55"
1000118,1000484,RIL,5.0,18.0,"2023/03/11, 16:24:57"
1000289,1000487,RIL,3.0,14.0,"2023/03/11, 16:24:58"
1000488,1000358,TCS,4.0,11.0,"2023/03/11, 16:24:58"
1000370,1000490,RIL,3.0,20.0,"2023/03/11, 16:25:00"
1000379,1000494,RIL,3.0,16.0,"2023/03/11, 16:25:02"
1000326,1000498,RIL,5.0,12.0,"2023/03/11, 16:25:04"
1000363,1000497,INFY,4.0,19.0,"2023/03/11, 16:25:04"
1000423,1000503,ONGC,2.0,15.0,"2023/03/11, 16:25:09"
1000509,1000277,INFY,4.0,11.0,"2023/03/11, 16:25:09"
1000506,1000511,ONGC,3.0,14.0,"2023/03/11, 16:25:14"
1000518,1000438,INFY,3.0,13.0,"2023/03/11, 16:25:14"
1000153,1000519,ONGC,3.0,18.0,"2023/03/11, 16:25:14"
1000523,1000081,ONGC,5.0,14.0,"2023/03/11, 16:25:16"
1000015,1000524,TCS,5.0,15.0,"2023/03/11, 16:25:17"
1000525,1000261,TCS,3.0,11.0,"2023/03/11, 16:25:18"
1000526,1000162,ONGC,4.0,13.0,"2023/03/11, 16:25:18"
1000303,1000527,ONGC,2.0,19.0,"2023/03/11, 16:25:18"
1000094,1000530,ONGC,4.0,18.0,"2023/03/11, 16:25:20"
1000532,1000089,TCS,2.0,14.0,"2023/03/11, 16:25:21"
1000172,1000534,ONGC,4.0,15.0,"2023/03/11, 16:25:22"
1000538,1000231,RIL,4.0,19.0,"2023/03/11, 16:25:24"
1000539,1000114,TCS,2.0,15.0,"2023/03/11, 16:25:24"
1000540,1000480,INFY,5.0,16.0,"2023/03/11, 16:25:25"
1000541,1000418,TCS,4.0,17.0,"2023/03/11, 16:25:25"
1000021,1000545,INFY,3.0,20.0,"2023/03/11, 16:25:27"
1000543,1000458,TCS,3.0,15.0,"2023/03/11, 16:25:27"
1000064,1000546,ONGC,4.0,17.0,"2023/03/11, 16:25:28"
1000305,1000552,ONGC,4.0,15.0,"2023/03/11, 16:25:31"
1000061,1000555,ONGC,3.0,17.0,"2023/03/11, 16:25:32"
1000556,1000492,RIL,3.0,14.0,"2023/03/11, 16:25:33"
1000193,1000562,ONGC,4.0,18.0,"2023/03/11, 16:25:36"
1000563,1000515,TCS,4.0,17.0,"2023/03/11, 16:25:38"
1000567,1000463,RIL,3.0,13.0,"2023/03/11, 16:25:38"
1000569,1000369,RIL,5.0,14.0,"2023/03/11, 16:25:41"
1000572,1000333,INFY,4.0,16.0,"2023/03/11, 16:25:41"
1000573,1000049,RIL,3.0,17.0,"2023/03/11, 16:25:41"
1000422,1000579,TCS,5.0,17.0,"2023/03/11, 16:25:44"
1000574,1000551,RIL,5.0,15.0,"2023/03/11, 16:25:44"
1000583,1000116,INFY,4.0,13.0,"2023/03/11, 16:25:46"
1000090,1000587,ONGC,4.0,17.0,"2023/03/11, 16:25:48"
1000588,1000570,INFY,2.0,18.0,"2023/03/11, 16:25:49"
1000589,1000341,INFY,4.0,13.0,"2023/03/11, 16:25:49"
1000529,1000594,TCS,5.0,11.0,"2023/03/11, 16:25:52"
1000533,1000591,INFY,4.0,19.0,"2023/03/11, 16:25:52"
1000310,1000601,TCS,2.0,18.0,"2023/03/11, 16:25:55"
1000371,1000597,TCS,4.0,13.0,"2023/03/11, 16:25:55"
1000602,1000228,ONGC,3.0,15.0,"2023/03/11, 16:25:56"
1000604,1000522,RIL,3.0,14.0,"2023/03/11, 16:25:57"
1000214,1000605,ONGC,3.0,17.0,"2023/03/11, 16:25:57"
1000123,1000607,RIL,4.0,18.0,"2023/03/11, 16:26:00"
1000610,1000366,TCS,2.0,19.0,"2023/03/11, 16:26:00"
1000294,1000612,ONGC,2.0,17.0,"2023/03/11, 16:26:02"
1000320,1000614,ONGC,4.0,15.0,"2023/03/11, 16:26:02"
1000576,1000616,TCS,5.0,17.0,"2023/03/11, 16:26:05"
1000619,1000197,RIL,2.0,11.0,"2023/03/11, 16:26:05"
1000161,1000622,ONGC,4.0,17.0,"2023/03/11, 16:26:06"
1000196,1000623,RIL,4.0,15.0,"2023/03/11, 16:26:08"
1000514,1000626,INFY,3.0,19.0,"2023/03/11, 16:26:08"
1000627,1000336,RIL,4.0,11.0,"2023/03/11, 16:26:09"
1000016,1000628,ONGC,4.0,19.0,"2023/03/11, 16:26:09"
1000340,1000630,TCS,2.0,16.0,"2023/03/11, 16:26:10"
1000632,1000568,RIL,3.0,14.0,"2023/03/11, 16:26:13"
1000635,1000339,INFY,2.0,16.0,"2023/03/11, 16:26:13"
1000641,1000279,ONGC,5.0,19.0,"2023/03/11, 16:26:17"
1000643,1000508,RIL,3.0,13.0,"2023/03/11, 16:26:17"
1000168,1000644,RIL,2.0,19.0,"2023/03/11, 16:26:17"
1000648,1000391,RIL,4.0,11.0,"2023/03/11, 16:26:21"
1000652,1000613,INFY,4.0,12.0,"2023/03/11, 16:26:21"
1000308,1000655,INFY,4.0,17.0,"2023/03/11, 16:26:23"
1000658,1000537,INFY,2.0,17.0,"2023/03/11, 16:26:26"
1000661,1000314,TCS,2.0,14.0,"2023/03/11, 16:26:26"
1000663,1000415,TCS,4.0,18.0,"2023/03/11, 16:26:27"
1000547,1000666,TCS,3.0,19.0,"2023/03/11, 16:26:28"
1000665,1000348,RIL,4.0,20.0,"2023/03/11, 16:26:28"
1000442,1000671,RIL,3.0,20.0,"2023/03/11, 16:26:31"
1000669,1000434,ONGC,5.0,17.0,"2023/03/11, 16:26:31"
1000246,1000674,ONGC,4.0,17.0,"2023/03/11, 16:26:32"
1000593,1000673,TCS,3.0,15.0,"2023/03/11, 16:26:32"
1000411,1000681,RIL,3.0,19.0,"2023/03/11, 16:26:36"
1000676,1000254,RIL,4.0,14.0,"2023/03/11, 16:26:36"
1000245,1000683,TCS,5.0,16.0,"2023/03/11, 16:26:37"
1000343,1000682,RIL,2.0,19.0,"2023/03/11, 16:26:37"
1000405,1000684,ONGC,3.0,16.0,"2023/03/11, 16:26:37"
1000649,1000685,RIL,4.0,15.0,"2023/03/11, 16:26:38"
1000686,1000104,INFY,3.0,16.0,"2023/03/11, 16:26:38"
1000426,1000688,RIL,3.0,18.0,"2023/03/11, 16:26:39"
1000420,1000689,RIL,3.0,16.0,"2023/03/11, 16:26:40"
1000440,1000691,RIL,3.0,16.0,"2023/03/11, 16:26:41"
1000692,1000014,RIL,5.0,19.0,"2023/03/11, 16:26:41"
1000151,1000693,INFY,3.0,12.0,"2023/03/11, 16:26:42"
1000645,1000700,RIL,4.0,18.0,"2023/03/11, 16:26:46"
1000702,1000244,INFY,4.0,14.0,"2023/03/11, 16:26:46"
1000709,1000009,INFY,5.0,14.0,"2023/03/11, 16:26:50"
1000714,1000504,ONGC,3.0,15.0,"2023/03/11, 16:26:52"
1000715,1000521,ONGC,3.0,13.0,"2023/03/11, 16:26:53"
1000365,1000720,ONGC,2.0,19.0,"2023/03/11, 16:26:55"
1000724,1000135,INFY,3.0,14.0,"2023/03/11, 16:26:57"
1000729,1000203,INFY,4.0,15.0,"2023/03/11, 16:27:00"
1000413,1000732,RIL,4.0,13.0,"2023/03/11, 16:27:01"
1000733,1000485,ONGC,3.0,12.0,"2023/03/11, 16:27:02"
1000734,1000435,RIL,5.0,17.0,"2023/03/11, 16:27:03"
1000735,1000071,TCS,3.0,12.0,"2023/03/11, 16:27:03"
1000353,1000738,INFY,3.0,12.0,"2023/03/11, 16:27:05"
1000736,1000403,INFY,4.0,13.0,"2023/03/11, 16:27:05"
1000491,1000745,RIL,3.0,18.0,"2023/03/11, 16:27:10"
1000748,1000127,ONGC,4.0,14.0,"2023/03/11, 16:27:10"
1000751,1000354,INFY,3.0,16.0,"2023/03/11, 16:27:11"
1000716,1000756,TCS,3.0,20.0,"2023/03/11, 16:27:15"
1000758,1000703,RIL,3.0,19.0,"2023/03/11, 16:27:15"
1000759,1000222,INFY,4.0,18.0,"2023/03/11, 16:27:17"
1000762,1000427,ONGC,4.0,20.0,"2023/03/11, 16:27:17"
1000267,1000769,ONGC,4.0,10.0,"2023/03/11, 16:27:20"
1000766,1000687,TCS,2.0,18.0,"2023/03/11, 16:27:20"
1000771,1000625,ONGC,4.0,15.0,"2023/03/11, 16:27:21"
1000773,1000070,RIL,3.0,17.0,"2023/03/11, 16:27:22"
1000776,1000398,INFY,3.0,16.0,"2023/03/11, 16:27:24"
1000722,1000780,ONGC,2.0,17.0,"2023/03/11, 16:27:26"
1000765,1000777,TCS,3.0,11.0,"2023/03/11, 16:27:26"
1000783,1000026,TCS,4.0,15.0,"2023/03/11, 16:27:27"
1000786,1000136,TCS,3.0,18.0,"2023/03/11, 16:27:29"
1000706,1000787,RIL,4.0,13.0,"2023/03/11, 16:27:30"
1000788,1000677,ONGC,3.0,13.0,"2023/03/11, 16:27:30"
1000793,1000448,INFY,4.0,20.0,"2023/03/11, 16:27:32"
1000730,1000795,RIL,3.0,20.0,"2023/03/11, 16:27:33"
1000794,1000634,INFY,5.0,16.0,"2023/03/11, 16:27:33"
1000796,1000342,INFY,4.0,16.0,"2023/03/11, 16:27:35"
1000798,1000584,INFY,3.0,17.0,"2023/03/11, 16:27:35"
1000443,1000802,INFY,5.0,19.0,"2023/03/11, 16:27:37"
1000803,1000233,RIL,3.0,17.0,"2023/03/11, 16:27:37"
1000598,1000810,INFY,3.0,19.0,"2023/03/11, 16:27:41"
1000804,1000235,RIL,2.0,13.0,"2023/03/11, 16:27:41"
1000319,1000811,ONGC,5.0,16.0,"2023/03/11, 16:27:41"
1000813,1000749,RIL,4.0,19.0,"2023/03/11, 16:27:45"
1000818,1000280,INFY,3.0,18.0,"2023/03/11, 16:27:45"
1000821,1000760,RIL,4.0,18.0,"2023/03/11, 16:27:46"
1000239,1000823,RIL,4.0,16.0,"2023/03/11, 16:27:47"
1000211,1000830,RIL,4.0,17.0,"2023/03/11, 16:27:51"
1000831,1000226,TCS,3.0,17.0,"2023/03/11, 16:27:51"
1000832,1000781,TCS,3.0,11.0,"2023/03/11, 16:27:53"
1000834,1000493,TCS,3.0,14.0,"2023/03/11, 16:27:53"
1000499,1000836,TCS,4.0,12.0,"2023/03/11, 16:27:54"
1000586,1000840,ONGC,3.0,16.0,"2023/03/11, 16:27:56"
1000201,1000841,ONGC,3.0,18.0,"2023/03/11, 16:27:56"
1000355,1000843,RIL,3.0,15.0,"2023/03/11, 16:27:57"
1000322,1000845,ONGC,5.0,16.0,"2023/03/11, 16:28:00"
1000826,1000848,RIL,2.0,18.0,"2023/03/11, 16:28:00"
1000849,1000477,ONGC,4.0,11.0,"2023/03/11, 16:28:00"
1000819,1000850,INFY,2.0,18.0,"2023/03/11, 16:28:01"
1000851,1000390,RIL,5.0,11.0,"2023/03/11, 16:28:01"
1000621,1000852,TCS,4.0,13.0,"2023/03/11, 16:28:02"
1000450,1000857,ONGC,3.0,17.0,"2023/03/11, 16:28:04"
1000859,1000447,INFY,3.0,16.0,"2023/03/11, 16:28:05"
1000860,1000449,TCS,4.0,18.0,"2023/03/11, 16:28:06"
1000313,1000861,RIL,3.0,11.0,"2023/03/11, 16:28:06"
1000865,1000827,ONGC,4.0,13.0,"2023/03/11, 16:28:11"
1000869,1000770,TCS,4.0,11.0,"2023/03/11, 16:28:11"
1000871,1000536,RIL,3.0,17.0,"2023/03/11, 16:28:12"
1000872,1000785,RIL,4.0,18.0,"2023/03/11, 16:28:15"
1000877,1000084,ONGC,3.0,10.0,"2023/03/11, 16:28:15"
1000528,1000880,RIL,5.0,12.0,"2023/03/11, 16:28:16"
1000879,1000868,RIL,2.0,13.0,"2023/03/11, 16:28:16"
1000881,1000324,ONGC,2.0,20.0,"2023/03/11, 16:28:18"
1000883,1000260,INFY,2.0,11.0,"2023/03/11, 16:28:18"
1000886,1000629,TCS,3.0,17.0,"2023/03/11, 16:28:19"
1000145,1000888,TCS,2.0,11.0,"2023/03/11, 16:28:20"
1000668,1000887,ONGC,3.0,16.0,"2023/03/11, 16:28:20"
1000512,1000890,RIL,3.0,11.0,"2023/03/11, 16:28:21"
1000889,1000620,RIL,3.0,17.0,"2023/03/11, 16:28:21"
1000828,1000894,TCS,4.0,12.0,"2023/03/11, 16:28:23"
1000891,1000806,RIL,3.0,18.0,"2023/03/11, 16:28:23"
1000156,1000897,ONGC,2.0,13.0,"2023/03/11, 16:28:25"
1000898,1000375,ONGC,5.0,15.0,"2023/03/11, 16:28:25"
1000548,1000901,ONGC,2.0,14.0,"2023/03/11, 16:28:27"
1000902,1000731,INFY,4.0,12.0,"2023/03/11, 16:28:27"
1000163,1000905,ONGC,4.0,19.0,"2023/03/11, 16:28:29"
1000904,1000646,INFY,3.0,10.0,"2023/03/11, 16:28:29"
1000406,1000907,INFY,4.0,17.0,"2023/03/11, 16:28:30"
1000906,1000750,ONGC,4.0,15.0,"2023/03/11, 16:28:30"
1000909,1000399,ONGC,4.0,16.0,"2023/03/11, 16:28:31"
1000910,1000402,TCS,4.0,14.0,"2023/03/11, 16:28:31"
1000344,1000918,ONGC,2.0,11.0,"2023/03/11, 16:28:35"
1000914,1000097,RIL,5.0,16.0,"2023/03/11, 16:28:35"
1000651,1000923,TCS,5.0,17.0,"2023/03/11, 16:28:38"
1000925,1000229,TCS,4.0,16.0,"2023/03/11, 16:28:39"
1000010,1000928,TCS,5.0,18.0,"2023/03/11, 16:28:40"
1000927,1000678,TCS,3.0,16.0,"2023/03/11, 16:28:40"
1000932,1000580,RIL,5.0,15.0,"2023/03/11, 16:28:42"
1000024,1000936,TCS,2.0,10.0,"2023/03/11, 16:28:44"
1000922,1000938,RIL,3.0,17.0,"2023/03/11, 16:28:45"
1000937,1000167,RIL,2.0,15.0,"2023/03/11, 16:28:45"
1000842,1000943,INFY,3.0,19.0,"2023/03/11, 16:28:48"
1000187,1000944,RIL,5.0,10.0,"2023/03/11, 16:28:49"
1000945,1000238,RIL,2.0,11.0,"2023/03/11, 16:28:49"
1000179,1000950,TCS,5.0,18.0,"2023/03/11, 16:28:51"
1000255,1000951,ONGC,2.0,16.0,"2023/03/11, 16:28:52"
1000953,1000304,ONGC,3.0,11.0,"2023/03/11, 16:28:53"
1000419,1000957,ONGC,4.0,19.0,"2023/03/11, 16:28:55"
1000241,1000958,RIL,4.0,16.0,"2023/03/11, 16:28:55"
1000959,1000495,RIL,4.0,12.0,"2023/03/11, 16:28:56"
1000046,1000963,ONGC,5.0,18.0,"2023/03/11, 16:28:58"
1000964,1000592,ONGC,4.0,14.0,"2023/03/11, 16:28:58"
1000550,1000968,ONGC,4.0,18.0,"2023/03/11, 16:29:03"
1000636,1000972,ONGC,3.0,17.0,"2023/03/11, 16:29:03"
1000974,1000911,RIL,3.0,18.0,"2023/03/11, 16:29:05"
1000978,1000707,TCS,4.0,17.0,"2023/03/11, 16:29:05"
1000433,1000979,INFY,3.0,12.0,"2023/03/11, 16:29:06"
1000983,1000721,ONGC,4.0,17.0,"2023/03/11, 16:29:09"
1000986,1000664,ONGC,4.0,11.0,"2023/03/11, 16:29:09"
1000469,1000990,INFY,3.0,12.0,"2023/03/11, 16:29:12"
1000987,1000874,RIL,4.0,14.0,"2023/03/11, 16:29:12"
1000991,1000501,TCS,4.0,19.0,"2023/03/11, 16:29:12"
1001000,1000198,ONGC,3.0,10.0,"2023/03/11, 16:29:17"
1000421,1001002,TCS,4.0,10.0,"2023/03/11, 16:29:18"
1001001,1000713,RIL,3.0,14.0,"2023/03/11, 16:29:18"
1001008,1000921,ONGC,4.0,14.0,"2023/03/11, 16:29:21"
1000513,1001010,ONGC,3.0,19.0,"2023/03/11, 16:29:22"
1001011,1000727,TCS,3.0,18.0,"2023/03/11, 16:29:22"
1000393,1001012,RIL,3.0,15.0,"2023/03/11, 16:29:23"
1000920,1001013,INFY,4.0,16.0,"2023/03/11, 16:29:23"
1000895,1001014,RIL,3.0,16.0,"2023/03/11, 16:29:25"
1001017,1000954,TCS,5.0,16.0,"2023/03/11, 16:29:25"
1001018,1000040,INFY,5.0,10.0,"2023/03/11, 16:29:26"
1001020,1000502,ONGC,3.0,11.0,"2023/03/11, 16:29:27"
1000653,1001032,RIL,3.0,11.0,"2023/03/11, 16:29:33"
1000971,1001030,TCS,2.0,17.0,"2023/03/11, 16:29:33"
1001034,1000350,ONGC,5.0,14.0,"2023/03/11, 16:29:34"
1001038,1000746,ONGC,3.0,13.0,"2023/03/11, 16:29:36"
1001005,1001039,TCS,3.0,11.0,"2023/03/11, 16:29:36"
1001040,1000609,ONGC,3.0,10.0,"2023/03/11, 16:29:37"
1001041,1000694,RIL,3.0,13.0,"2023/03/11, 16:29:37"
1001043,1000867,TCS,5.0,10.0,"2023/03/11, 16:29:40"
1001046,1000205,INFY,3.0,14.0,"2023/03/11, 16:29:40"
1000640,1001048,TCS,4.0,20.0,"2023/03/11, 16:29:43"
1001052,1000611,INFY,4.0,15.0,"2023/03/11, 16:29:43"
1000739,1001057,RIL,3.0,15.0,"2023/03/11, 16:29:46"
1001058,1000219,INFY,3.0,14.0,"2023/03/11, 16:29:46"
1001060,1000328,RIL,5.0,19.0,"2023/03/11, 16:29:47"
1001062,1001026,RIL,3.0,18.0,"2023/03/11, 16:29:49"
1001064,1000517,ONGC,5.0,11.0,"2023/03/11, 16:29:49"
1001065,1000368,TCS,2.0,19.0,"2023/03/11, 16:29:51"
1001069,1000183,ONGC,5.0,13.0,"2023/03/11, 16:29:51"
1000835,1001071,TCS,3.0,13.0,"2023/03/11, 16:29:52"
1000542,1001072,TCS,2.0,16.0,"2023/03/11, 16:29:53"
1001073,1000725,TCS,4.0,19.0,"2023/03/11, 16:29:53"
1001076,1000596,INFY,4.0,20.0,"2023/03/11, 16:29:55"
1001082,1000544,ONGC,3.0,15.0,"2023/03/11, 16:29:58"
1000915,1001084,RIL,3.0,19.0,"2023/03/11, 16:29:59"
1000899,1001089,INFY,3.0,19.0,"2023/03/11, 16:30:01"
1000993,1001088,ONGC,4.0,18.0,"2023/03/11, 16:30:01"
1001094,1000554,ONGC,4.0,16.0,"2023/03/11, 16:30:04"
1001103,1000437,ONGC,5.0,13.0,"2023/03/11, 16:30:08"
1000223,1001105,TCS,2.0,20.0,"2023/03/11, 16:30:09"
1001104,1000638,TCS,3.0,17.0,"2023/03/11, 16:30:09"
1000956,1001106,INFY,2.0,12.0,"2023/03/11, 16:30:11"
1001108,1000075,TCS,2.0,12.0,"2023/03/11, 16:30:11"
1001109,1000560,INFY,3.0,16.0,"2023/03/11, 16:30:11"
1000864,1001112,TCS,4.0,12.0,"2023/03/11, 16:30:13"
1001116,1000753,INFY,4.0,15.0,"2023/03/11, 16:30:15"
1001117,1000949,RIL,2.0,15.0,"2023/03/11, 16:30:15"
1001121,1000698,INFY,5.0,14.0,"2023/03/11, 16:30:18"
1001123,1001119,TCS,4.0,11.0,"2023/03/11, 16:30:18"
1001045,1001124,ONGC,4.0,17.0,"2023/03/11, 16:30:19"
1001086,1001127,ONGC,4.0,17.0,"2023/03/11, 16:30:21"
1001129,1000997,TCS,4.0,17.0,"2023/03/11, 16:30:21"
1000066,1001131,TCS,2.0,10.0,"2023/03/11, 16:30:22"
1001132,1000807,INFY,4.0,18.0,"2023/03/11, 16:30:24"
1001133,1000582,ONGC,4.0,12.0,"2023/03/11, 16:30:24"
1000960,1001138,RIL,3.0,19.0,"2023/03/11, 16:30:26"
1001139,1001125,RIL,4.0,13.0,"2023/03/11, 16:30:27"
1001140,1000414,RIL,2.0,14.0,"2023/03/11, 16:30:27"
1001146,1000216,TCS,5.0,12.0,"2023/03/11, 16:30:30"
1000814,1001147,RIL,3.0,20.0,"2023/03/11, 16:30:31"
1000815,1001151,TCS,4.0,10.0,"2023/03/11, 16:30:33"
1000385,1001156,INFY,3.0,11.0,"2023/03/11, 16:30:35"
1001157,1000667,ONGC,4.0,16.0,"2023/03/11, 16:30:36"
1001158,1001137,TCS,5.0,10.0,"2023/03/11, 16:30:37"
1001160,1000934,INFY,2.0,19.0,"2023/03/11, 16:30:37"
1001163,1000699,RIL,4.0,12.0,"2023/03/11, 16:30:39"
1000639,1001168,ONGC,3.0,17.0,"2023/03/11, 16:30:41"
1001169,1000704,RIL,4.0,11.0,"2023/03/11, 16:30:42"
1001173,1000424,INFY,4.0,14.0,"2023/03/11, 16:30:44"
1000799,1001178,TCS,4.0,13.0,"2023/03/11, 16:30:46"
1001167,1001177,TCS,4.0,19.0,"2023/03/11, 16:30:46"
1000846,1001180,TCS,3.0,13.0,"2023/03/11, 16:30:47"
1001182,1000656,ONGC,5.0,11.0,"2023/03/11, 16:30:48"
1000317,1001184,TCS,2.0,13.0,"2023/03/11, 16:30:49"
1000439,1001187,ONGC,4.0,10.0,"2023/03/11, 16:30:51"
1000975,1001186,TCS,3.0,20.0,"2023/03/11, 16:30:51"
1001188,1000701,TCS,2.0,15.0,"2023/03/11, 16:30:51"
1001081,1001190,RIL,3.0,18.0,"2023/03/11, 16:30:52"
1000696,1001195,RIL,3.0,11.0,"2023/03/11, 16:30:55"
1001023,1001196,TCS,3.0,13.0,"2023/03/11, 16:30:55"
1000728,1001197,TCS,5.0,17.0,"2023/03/11, 16:30:56"
1000444,1001198,ONGC,4.0,19.0,"2023/03/11, 16:30:56"
1000856,1001207,INFY,3.0,18.0,"2023/03/11, 16:31:01"
1001200,1000996,TCS,5.0,19.0,"2023/03/11, 16:31:01"
1001208,1001136,TCS,4.0,17.0,"2023/03/11, 16:31:01"
1001209,1000784,RIL,4.0,11.0,"2023/03/11, 16:31:02"
1001203,1001210,TCS,3.0,17.0,"2023/03/11, 16:31:04"
1001214,1000764,INFY,4.0,13.0,"2023/03/11, 16:31:04"
1001217,1000259,TCS,4.0,16.0,"2023/03/11, 16:31:06"
1001220,1001155,RIL,4.0,18.0,"2023/03/11, 16:31:09"
1001224,1000345,INFY,4.0,11.0,"2023/03/11, 16:31:09"
1000726,1001225,ONGC,2.0,15.0,"2023/03/11, 16:31:10"
1001229,1000144,RIL,3.0,12.0,"2023/03/11, 16:31:12"
1001231,1000790,INFY,3.0,15.0,"2023/03/11, 16:31:13"
1001233,1000256,TCS,3.0,12.0,"2023/03/11, 16:31:14"
1000489,1001234,INFY,4.0,17.0,"2023/03/11, 16:31:14"
1001054,1001236,RIL,5.0,12.0,"2023/03/11, 16:31:16"
1001237,1000775,ONGC,3.0,13.0,"2023/03/11, 16:31:16"
1000690,1001239,ONGC,5.0,12.0,"2023/03/11, 16:31:17"
1001240,1000708,RIL,5.0,15.0,"2023/03/11, 16:31:17"
1001118,1001241,RIL,3.0,19.0,"2023/03/11, 16:31:18"
1001244,1000817,TCS,2.0,18.0,"2023/03/11, 16:31:19"
1000930,1001248,ONGC,3.0,17.0,"2023/03/11, 16:31:21"
1001083,1001250,RIL,3.0,18.0,"2023/03/11, 16:31:22"
1001252,1000225,TCS,4.0,15.0,"2023/03/11, 16:31:23"
1000464,1001253,TCS,5.0,18.0,"2023/03/11, 16:31:24"
1001255,1001120,INFY,3.0,12.0,"2023/03/11, 16:31:25"
1001149,1001256,RIL,3.0,14.0,"2023/03/11, 16:31:26"
1001257,1000578,TCS,3.0,14.0,"2023/03/11, 16:31:26"
1000862,1001258,TCS,5.0,11.0,"2023/03/11, 16:31:26"
1000557,1001263,INFY,4.0,17.0,"2023/03/11, 16:31:29"
1000742,1001268,INFY,4.0,19.0,"2023/03/11, 16:31:32"
1001175,1001269,RIL,3.0,18.0,"2023/03/11, 16:31:33"
1001272,1000839,RIL,4.0,12.0,"2023/03/11, 16:31:33"
1000265,1001273,RIL,4.0,16.0,"2023/03/11, 16:31:34"
1000980,1001275,INFY,4.0,16.0,"2023/03/11, 16:31:35"
1001277,1000535,INFY,4.0,11.0,"2023/03/11, 16:31:36"
1001279,1001126,INFY,4.0,11.0,"2023/03/11, 16:31:37"
1000719,1001284,RIL,3.0,11.0,"2023/03/11, 16:31:39"
1001283,1001260,RIL,5.0,12.0,"2023/03/11, 16:31:39"
1001285,1000797,ONGC,5.0,19.0,"2023/03/11, 16:31:40"
1001029,1001287,TCS,3.0,11.0,"2023/03/11, 16:31:41"
1000844,1001301,TCS,4.0,13.0,"2023/03/11, 16:31:48"
1001194,1001299,TCS,4.0,19.0,"2023/03/11, 16:31:48"
1000933,1001307,ONGC,3.0,14.0,"2023/03/11, 16:31:51"
1001306,1000940,ONGC,4.0,13.0,"2023/03/11, 16:31:51"
1001309,1000903,INFY,4.0,14.0,"2023/03/11, 16:31:53"
1001310,1000373,INFY,3.0,14.0,"2023/03/11, 16:31:53"
1001311,1000761,RIL,3.0,13.0,"2023/03/11, 16:31:53"
1000863,1001315,RIL,3.0,20.0,"2023/03/11, 16:31:59"
1001322,1001166,TCS,2.0,17.0,"2023/03/11, 16:31:59"
1001326,1000329,TCS,4.0,16.0,"2023/03/11, 16:32:01"
1000885,1001327,RIL,2.0,18.0,"2023/03/11, 16:32:01"
1000124,1001329,RIL,3.0,10.0,"2023/03/11, 16:32:02"
1001096,1001332,TCS,5.0,17.0,"2023/03/11, 16:32:04"
1001333,1000695,ONGC,3.0,12.0,"2023/03/11, 16:32:04"
1001335,1001063,ONGC,5.0,16.0,"2023/03/11, 16:32:06"
1001336,1000977,ONGC,4.0,14.0,"2023/03/11, 16:32:06"
1000500,1001338,ONGC,4.0,19.0,"2023/03/11, 16:32:07"
1000266,1001339,ONGC,2.0,13.0,"2023/03/11, 16:32:07"
1001340,1000603,TCS,4.0,18.0,"2023/03/11, 16:32:08"
1000595,1001345,ONGC,4.0,19.0,"2023/03/11, 16:32:10"
1000969,1001347,ONGC,3.0,17.0,"2023/03/11, 16:32:11"
1001346,1001288,INFY,4.0,18.0,"2023/03/11, 16:32:11"
1001350,1000394,RIL,2.0,20.0,"2023/03/11, 16:32:13"
1000837,1001352,RIL,4.0,19.0,"2023/03/11, 16:32:14"
1001090,1001353,TCS,5.0,16.0,"2023/03/11, 16:32:16"
1001356,1001211,INFY,5.0,14.0,"2023/03/11, 16:32:16"
1001359,1000873,ONGC,4.0,16.0,"2023/03/11, 16:32:17"
1001362,1000221,INFY,5.0,13.0,"2023/03/11, 16:32:19"
1001370,1000409,TCS,3.0,12.0,"2023/03/11, 16:32:23"
1000052,1001371,INFY,4.0,10.0,"2023/03/11, 16:32:23"
1000516,1001376,ONGC,3.0,19.0,"2023/03/11, 16:32:26"
1001059,1001372,RIL,2.0,16.0,"2023/03/11, 16:32:26"
1000600,1001383,TCS,5.0,18.0,"2023/03/11, 16:32:29"
1001267,1001389,RIL,2.0,18.0,"2023/03/11, 16:32:32"
1001391,1001247,INFY,3.0,12.0,"2023/03/11, 16:32:33"
1001392,1000878,RIL,4.0,11.0,"2023/03/11, 16:32:34"
1001221,1001395,RIL,3.0,19.0,"2023/03/11, 16:32:35"
1001154,1001396,RIL,3.0,15.0,"2023/03/11, 16:32:36"
1001397,1000763,INFY,2.0,20.0,"2023/03/11, 16:32:36"
1001078,1001398,TCS,4.0,20.0,"2023/03/11, 16:32:37"
1000650,1001399,INFY,4.0,17.0,"2023/03/11, 16:32:37"
1000966,1001407,INFY,3.0,18.0,"2023/03/11, 16:32:41"
1001408,1000829,RIL,3.0,13.0,"2023/03/11, 16:32:42"
1001413,1000505,RIL,5.0,19.0,"2023/03/11, 16:32:44"
1000575,1001418,INFY,3.0,11.0,"2023/03/11, 16:32:47"
1001414,1000893,INFY,3.0,17.0,"2023/03/11, 16:32:47"
1000740,1001420,RIL,3.0,11.0,"2023/03/11, 16:32:48"
1001055,1001419,INFY,4.0,12.0,"2023/03/11, 16:32:48"
1000599,1001421,ONGC,2.0,13.0,"2023/03/11, 16:32:49"
1001422,1000853,ONGC,3.0,10.0,"2023/03/11, 16:32:49"
1001174,1001423,INFY,3.0,18.0,"2023/03/11, 16:32:51"
1001427,1001111,INFY,3.0,14.0,"2023/03/11, 16:32:51"
1000234,1001428,TCS,5.0,14.0,"2023/03/11, 16:32:52"
1000955,1001429,TCS,5.0,18.0,"2023/03/11, 16:32:53"
1001431,1001199,ONGC,4.0,16.0,"2023/03/11, 16:32:54"
1001434,1000284,TCS,4.0,15.0,"2023/03/11, 16:32:55"
1000962,1001440,TCS,4.0,13.0,"2023/03/11, 16:32:58"
1001439,1000767,RIL,4.0,15.0,"2023/03/11, 16:32:58"
1000617,1001441,INFY,5.0,19.0,"2023/03/11, 16:32:59"
1000808,1001446,INFY,2.0,17.0,"2023/03/11, 16:33:01"
1001442,1001290,INFY,3.0,12.0,"2023/03/11, 16:33:01"
1000335,1001447,ONGC,2.0,16.0,"2023/03/11, 16:33:03"
1001312,1001449,RIL,3.0,19.0,"2023/03/11, 16:33:03"
1000269,1001450,ONGC,3.0,18.0,"2023/03/11, 16:33:03"
1001455,1000822,TCS,4.0,18.0,"2023/03/11, 16:33:06"
1001457,1001289,ONGC,4.0,16.0,"2023/03/11, 16:33:07"
1001458,1001313,ONGC,4.0,13.0,"2023/03/11, 16:33:07"
1001459,1000743,TCS,3.0,18.0,"2023/03/11, 16:33:08"
1001460,1000615,ONGC,5.0,20.0,"2023/03/11, 16:33:08"
1001466,1001114,INFY,3.0,14.0,"2023/03/11, 16:33:11"
1001205,1001468,INFY,4.0,15.0,"2023/03/11, 16:33:12"
1001176,1001472,INFY,5.0,19.0,"2023/03/11, 16:33:14"
1001303,1001471,ONGC,5.0,17.0,"2023/03/11, 16:33:14"
1001473,1000374,TCS,4.0,16.0,"2023/03/11, 16:33:15"
1000392,1001476,ONGC,3.0,18.0,"2023/03/11, 16:33:16"
1001475,1001325,RIL,2.0,15.0,"2023/03/11, 16:33:16"
1001481,1000307,INFY,5.0,18.0,"2023/03/11, 16:33:19"
1001483,1001344,ONGC,4.0,14.0,"2023/03/11, 16:33:20"
1001484,1001436,RIL,5.0,16.0,"2023/03/11, 16:33:21"
1001486,1000712,TCS,4.0,15.0,"2023/03/11, 16:33:21"
1001487,1000757,ONGC,3.0,15.0,"2023/03/11, 16:33:22"
1001489,1000662,RIL,4.0,10.0,"2023/03/11, 16:33:23"
1001080,1001490,TCS,4.0,20.0,"2023/03/11, 16:33:23"
1001492,1001480,RIL,3.0,19.0,"2023/03/11, 16:33:25"
1001493,1000755,TCS,3.0,12.0,"2023/03/11, 16:33:25"
1001495,1001254,INFY,4.0,11.0,"2023/03/11, 16:33:26"
1001496,1000647,INFY,2.0,16.0,"2023/03/11, 16:33:27"
1001499,1000847,INFY,3.0,15.0,"2023/03/11, 16:33:28"
1001141,1001502,ONGC,2.0,15.0,"2023/03/11, 16:33:29"
1001505,1000376,RIL,3.0,12.0,"2023/03/11, 16:33:31"
1001153,1001506,RIL,4.0,19.0,"2023/03/11, 16:33:32"
1001509,1001302,RIL,3.0,14.0,"2023/03/11, 16:33:33"
1001130,1001511,ONGC,3.0,14.0,"2023/03/11, 16:33:34"
1001477,1001517,INFY,3.0,18.0,"2023/03/11, 16:33:37"
1001518,1001282,INFY,2.0,12.0,"2023/03/11, 16:33:37"
1001520,1000608,ONGC,5.0,13.0,"2023/03/11, 16:33:38"
1001522,1001394,ONGC,4.0,14.0,"2023/03/11, 16:33:40"
1001524,1001024,ONGC,5.0,11.0,"2023/03/11, 16:33:40"
1001145,1001526,ONGC,2.0,15.0,"2023/03/11, 16:33:42"
1001172,1001527,RIL,4.0,19.0,"2023/03/11, 16:33:42"
1001424,1001528,ONGC,4.0,18.0,"2023/03/11, 16:33:42"
1001529,1001009,INFY,3.0,10.0,"2023/03/11, 16:33:43"
1001531,1000251,TCS,2.0,12.0,"2023/03/11, 16:33:44"
1001037,1001532,ONGC,2.0,14.0,"2023/03/11, 16:33:44"
1000276,1001534,RIL,4.0,16.0,"2023/03/11, 16:33:46"
1000789,1001538,ONGC,4.0,19.0,"2023/03/11, 16:33:48"
1001539,1001015,TCS,4.0,18.0,"2023/03/11, 16:33:48"
1000718,1001541,RIL,2.0,19.0,"2023/03/11, 16:33:49"
1001543,1000948,TCS,3.0,16.0,"2023/03/11, 16:33:50"
1001274,1001544,RIL,3.0,17.0,"2023/03/11, 16:33:51"
1001545,1001028,RIL,4.0,11.0,"2023/03/11, 16:33:54"
1001556,1001550,ONGC,3.0,17.0,"2023/03/11, 16:33:57"
1001557,1000809,INFY,3.0,16.0,"2023/03/11, 16:33:57"
1001560,1000257,INFY,5.0,10.0,"2023/03/11, 16:33:59"
1001562,1000475,INFY,3.0,13.0,"2023/03/11, 16:34:00"
1001568,1001079,RIL,2.0,11.0,"2023/03/11, 16:34:03"
1000816,1001571,INFY,5.0,17.0,"2023/03/11, 16:34:07"
1001576,1001004,RIL,3.0,13.0,"2023/03/11, 16:34:07"
1001579,1001566,RIL,2.0,16.0,"2023/03/11, 16:34:09"
1001580,1001159,TCS,4.0,17.0,"2023/03/11, 16:34:09"
1001271,1001582,ONGC,3.0,14.0,"2023/03/11, 16:34:10"
1001578,1001581,INFY,5.0,14.0,"2023/03/11, 16:34:10"
1001584,1001278,INFY,3.0,13.0,"2023/03/11, 16:34:11"
1001204,1001585,TCS,4.0,11.0,"2023/03/11, 16:34:11"
1001589,1000854,RIL,4.0,12.0,"2023/03/11, 16:34:13"
1001590,1000965,INFY,3.0,15.0,"2023/03/11, 16:34:14"
1001591,1000717,TCS,4.0,15.0,"2023/03/11, 16:34:14"
1000908,1001594,INFY,3.0,11.0,"2023/03/11, 16:34:16"
1000633,1001596,RIL,2.0,17.0,"2023/03/11, 16:34:17"
1001595,1000838,ONGC,4.0,11.0,"2023/03/11, 16:34:17"
1001600,1001549,TCS,4.0,19.0,"2023/03/11, 16:34:19"
1000924,1001602,INFY,3.0,11.0,"2023/03/11, 16:34:20"
1001603,1001300,RIL,3.0,13.0,"2023/03/11, 16:34:20"
1001605,1000825,INFY,5.0,15.0,"2023/03/11, 16:34:21"
1001609,1000870,INFY,2.0,20.0,"2023/03/11, 16:34:24"
1001610,1001314,INFY,2.0,12.0,"2023/03/11, 16:34:24"
1001232,1001611,RIL,4.0,19.0,"2023/03/11, 16:34:24"
1000606,1001612,INFY,5.0,11.0,"2023/03/11, 16:34:25"
1001107,1001613,INFY,3.0,19.0,"2023/03/11, 16:34:25"
1001615,1001525,RIL,3.0,19.0,"2023/03/11, 16:34:27"
1001616,1000482,INFY,2.0,11.0,"2023/03/11, 16:34:27"
1000782,1001618,RIL,2.0,19.0,"2023/03/11, 16:34:28"
1000912,1001617,TCS,5.0,11.0,"2023/03/11, 16:34:28"
1001620,1001417,TCS,5.0,16.0,"2023/03/11, 16:34:29"
1001621,1000913,INFY,3.0,16.0,"2023/03/11, 16:34:29"
1001624,1000892,INFY,2.0,10.0,"2023/03/11, 16:34:31"
1001626,1000149,ONGC,3.0,20.0,"2023/03/11, 16:34:32"
1001629,1000967,INFY,3.0,16.0,"2023/03/11, 16:34:34"
1001630,1000999,ONGC,2.0,11.0,"2023/03/11, 16:34:34"
1001631,1001401,RIL,5.0,10.0,"2023/03/11, 16:34:37"
1001637,1001607,INFY,3.0,12.0,"2023/03/11, 16:34:37"
1001643,1000230,INFY,5.0,13.0,"2023/03/11, 16:34:40"
1001644,1001206,ONGC,2.0,18.0,"2023/03/11, 16:34:41"
1001113,1001646,TCS,4.0,13.0,"2023/03/11, 16:34:42"
1001101,1001650,ONGC,2.0,20.0,"2023/03/11, 16:34:44"
1001647,1001586,RIL,5.0,16.0,"2023/03/11, 16:34:44"
1001098,1001652,ONGC,2.0,10.0,"2023/03/11, 16:34:45"
1001328,1001651,RIL,5.0,15.0,"2023/03/11, 16:34:45"
1001653,1001535,TCS,4.0,17.0,"2023/03/11, 16:34:47"
1001656,1001559,TCS,4.0,19.0,"2023/03/11, 16:34:47"
1001657,1000984,INFY,2.0,19.0,"2023/03/11, 16:34:47"
1001262,1001663,TCS,4.0,11.0,"2023/03/11, 16:34:50"
1001664,1001658,INFY,4.0,12.0,"2023/03/11, 16:34:52"
1001666,1000349,INFY,2.0,13.0,"2023/03/11, 16:34:52"
1001667,1001604,INFY,5.0,14.0,"2023/03/11, 16:34:53"
1001669,1001212,TCS,4.0,18.0,"2023/03/11, 16:34:53"
1001673,1000108,INFY,2.0,14.0,"2023/03/11, 16:34:55"
1000273,1001674,TCS,2.0,11.0,"2023/03/11, 16:34:56"
1001675,1000989,RIL,4.0,20.0,"2023/03/11, 16:34:56"
1001677,1001400,ONGC,3.0,13.0,"2023/03/11, 16:34:57"
1001678,1001672,ONGC,5.0,11.0,"2023/03/11, 16:35:00"
1001682,1001162,TCS,4.0,15.0,"2023/03/11, 16:35:00"
1001686,1001201,INFY,2.0,16.0,"2023/03/11, 16:35:02"
1001687,1000132,RIL,5.0,20.0,"2023/03/11, 16:35:02"
1001575,1001688,ONGC,2.0,15.0,"2023/03/11, 16:35:03"
1001689,1000377,ONGC,5.0,14.0,"2023/03/11, 16:35:03"
1001691,1000970,RIL,2.0,13.0,"2023/03/11, 16:35:04"
1001384,1001692,INFY,4.0,18.0,"2023/03/11, 16:35:05"
1001693,1001091,TCS,3.0,19.0,"2023/03/11, 16:35:06"
1001304,1001695,TCS,4.0,11.0,"2023/03/11, 16:35:06"
1000117,1001703,INFY,3.0,20.0,"2023/03/11, 16:35:11"
1000028,1001704,TCS,5.0,15.0,"2023/03/11, 16:35:11"
1001705,1001097,TCS,3.0,19.0,"2023/03/11, 16:35:12"
1001115,1001706,INFY,3.0,11.0,"2023/03/11, 16:35:12"
1000565,1001707,ONGC,4.0,10.0,"2023/03/11, 16:35:13"
1001708,1001245,RIL,4.0,10.0,"2023/03/11, 16:35:14"
1001710,1001515,ONGC,2.0,16.0,"2023/03/11, 16:35:14"
1000099,1001712,ONGC,5.0,18.0,"2023/03/11, 16:35:15"
1001714,1000792,ONGC,2.0,17.0,"2023/03/11, 16:35:16"
1001716,1001551,RIL,4.0,11.0,"2023/03/11, 16:35:18"
1001718,1001405,INFY,3.0,14.0,"2023/03/11, 16:35:18"
1001445,1001719,RIL,4.0,18.0,"2023/03/11, 16:35:21"
1001724,1000395,INFY,5.0,13.0,"2023/03/11, 16:35:21"
1001355,1001730,INFY,3.0,19.0,"2023/03/11, 16:35:27"
1001735,1000466,INFY,2.0,13.0,"2023/03/11, 16:35:27"
1001738,1000723,INFY,5.0,13.0,"2023/03/11, 16:35:28"
1001021,1001743,TCS,5.0,18.0,"2023/03/11, 16:35:31"
1001741,1001588,ONGC,5.0,16.0,"2023/03/11, 16:35:31"
1001249,1001745,RIL,4.0,19.0,"2023/03/11, 16:35:32"
1001747,1000566,RIL,5.0,19.0,"2023/03/11, 16:35:33"
1001748,1001366,INFY,4.0,11.0,"2023/03/11, 16:35:33"
1001749,1001375,INFY,4.0,11.0,"2023/03/11, 16:35:34"
1001751,1000659,TCS,4.0,14.0,"2023/03/11, 16:35:35"
1001752,1001161,INFY,4.0,13.0,"2023/03/11, 16:35:35"
1001757,1001286,INFY,3.0,13.0,"2023/03/11, 16:35:38"
1001501,1001758,ONGC,4.0,16.0,"2023/03/11, 16:35:38"
1001760,1000939,ONGC,4.0,15.0,"2023/03/11, 16:35:39"
1001762,1000561,ONGC,5.0,15.0,"2023/03/11, 16:35:40"
1001763,1001614,ONGC,4.0,14.0,"2023/03/11, 16:35:42"
1001766,1001412,INFY,2.0,16.0,"2023/03/11, 16:35:42"
1001770,1000916,INFY,2.0,14.0,"2023/03/11, 16:35:44"
1001771,1001135,RIL,5.0,11.0,"2023/03/11, 16:35:45"
1001772,1001171,INFY,5.0,16.0,"2023/03/11, 16:35:45"
1001773,1001354,RIL,3.0,14.0,"2023/03/11, 16:35:46"
1001381,1001774,RIL,2.0,18.0,"2023/03/11, 16:35:47"
1001775,1001369,TCS,5.0,17.0,"2023/03/11, 16:35:47"
1001202,1001780,RIL,4.0,13.0,"2023/03/11, 16:35:49"
1000942,1001783,TCS,4.0,12.0,"2023/03/11, 16:35:51"
1001331,1001782,INFY,5.0,11.0,"2023/03/11, 16:35:51"
1000177,1001784,INFY,3.0,20.0,"2023/03/11, 16:35:51"
1001425,1001785,TCS,4.0,11.0,"2023/03/11, 16:35:52"
1001448,1001789,ONGC,4.0,17.0,"2023/03/11, 16:35:54"
1001790,1000805,ONGC,4.0,12.0,"2023/03/11, 16:35:54"
1001321,1001791,TCS,4.0,12.0,"2023/03/11, 16:35:55"
1001426,1001792,ONGC,4.0,18.0,"2023/03/11, 16:35:55"
1001134,1001793,TCS,4.0,13.0,"2023/03/11, 16:35:56"
1001794,1000654,ONGC,3.0,11.0,"2023/03/11, 16:35:56"
1000520,1001796,ONGC,3.0,19.0,"2023/03/11, 16:35:57"
1001798,1000884,ONGC,3.0,11.0,"2023/03/11, 16:35:58"
1001508,1001799,TCS,4.0,11.0,"2023/03/11, 16:35:59"
1001800,1000680,RIL,2.0,14.0,"2023/03/11, 16:36:00"
1001802,1000705,TCS,2.0,12.0,"2023/03/11, 16:36:00"
1001540,1001806,RIL,2.0,17.0,"2023/03/11, 16:36:03"
1001807,1001676,RIL,5.0,19.0,"2023/03/11, 16:36:03"
1000998,1001809,ONGC,3.0,18.0,"2023/03/11, 16:36:04"
1001808,1001781,ONGC,4.0,14.0,"2023/03/11, 16:36:04"
1001810,1001305,RIL,3.0,13.0,"2023/03/11, 16:36:04"
1001769,1001814,RIL,4.0,18.0,"2023/03/11, 16:36:07"
1001811,1001165,RIL,4.0,12.0,"2023/03/11, 16:36:07"
1001816,1001179,INFY,2.0,10.0,"2023/03/11, 16:36:07"
1000407,1001817,RIL,4.0,16.0,"2023/03/11, 16:36:08"
1001824,1000416,INFY,5.0,12.0,"2023/03/11, 16:36:11"
1000774,1001827,TCS,3.0,15.0,"2023/03/11, 16:36:13"
1001829,1001454,INFY,3.0,10.0,"2023/03/11, 16:36:14"
1001832,1001294,TCS,4.0,18.0,"2023/03/11, 16:36:15"
1001841,1001036,ONGC,3.0,15.0,"2023/03/11, 16:36:20"
1001319,1001842,ONGC,2.0,14.0,"2023/03/11, 16:36:20"
1001181,1001843,INFY,4.0,19.0,"2023/03/11, 16:36:21"
1001847,1000779,INFY,2.0,13.0,"2023/03/11, 16:36:23"
1001848,1000553,RIL,3.0,12.0,"2023/03/11, 16:36:24"
1001462,1001850,INFY,3.0,11.0,"2023/03/11, 16:36:25"
1000917,1001853,ONGC,5.0,18.0,"2023/03/11, 16:36:28"
1001382,1001856,RIL,4.0,19.0,"2023/03/11, 16:36:28"
1001685,1001858,TCS,5.0,15.0,"2023/03/11, 16:36:29"
1000876,1001859,ONGC,2.0,12.0,"2023/03/11, 16:36:29"
1001862,1000752,TCS,2.0,15.0,"2023/03/11, 16:36:31"
1000334,1001866,RIL,4.0,17.0,"2023/03/11, 16:36:33"
1001867,1000791,TCS,4.0,14.0,"2023/03/11, 16:36:33"
1001701,1001869,ONGC,3.0,17.0,"2023/03/11, 16:36:35"
1001870,1000618,RIL,5.0,17.0,"2023/03/11, 16:36:35"
1001110,1001871,INFY,2.0,17.0,"2023/03/11, 16:36:35"
1001812,1001872,ONGC,4.0,17.0,"2023/03/11, 16:36:37"
1001874,1001844,INFY,3.0,12.0,"2023/03/11, 16:36:37"
1001879,1000973,TCS,4.0,14.0,"2023/03/11, 16:36:39"
1000747,1001880,INFY,3.0,20.0,"2023/03/11, 16:36:40"
1001226,1001881,TCS,3.0,17.0,"2023/03/11, 16:36:40"
1000381,1001882,RIL,4.0,17.0,"2023/03/11, 16:36:41"
1001885,1000290,TCS,5.0,12.0,"2023/03/11, 16:36:42"
1001365,1001887,TCS,2.0,17.0,"2023/03/11, 16:36:43"
1001886,1001223,INFY,5.0,10.0,"2023/03/11, 16:36:43"
1001890,1000243,RIL,5.0,13.0,"2023/03/11, 16:36:45"
1001192,1001891,INFY,2.0,18.0,"2023/03/11, 16:36:45"
1001895,1001516,ONGC,5.0,17.0,"2023/03/11, 16:36:47"
1001896,1001368,ONGC,4.0,13.0,"2023/03/11, 16:36:48"
1001142,1001898,TCS,4.0,20.0,"2023/03/11, 16:36:49"
1001641,1001900,RIL,4.0,19.0,"2023/03/11, 16:36:50"
1001767,1001901,RIL,5.0,10.0,"2023/03/11, 16:36:50"
1000577,1001904,TCS,2.0,11.0,"2023/03/11, 16:36:52"
1001906,1001893,RIL,2.0,18.0,"2023/03/11, 16:36:56"
1001912,1001264,TCS,3.0,16.0,"2023/03/11, 16:36:56"
1001913,1001411,RIL,3.0,14.0,"2023/03/11, 16:36:56"
1001914,1001265,TCS,2.0,12.0,"2023/03/11, 16:36:57"
1001915,1001680,TCS,4.0,15.0,"2023/03/11, 16:36:57"
1001917,1001548,INFY,2.0,12.0,"2023/03/11, 16:36:58"
1001634,1001918,ONGC,4.0,18.0,"2023/03/11, 16:36:59"
1001297,1001926,RIL,3.0,17.0,"2023/03/11, 16:37:03"
1001308,1001931,INFY,4.0,15.0,"2023/03/11, 16:37:05"
1001463,1001929,TCS,4.0,12.0,"2023/03/11, 16:37:05"
1001933,1001053,INFY,3.0,15.0,"2023/03/11, 16:37:06"
1001934,1001469,ONGC,5.0,12.0,"2023/03/11, 16:37:07"
1001095,1001936,TCS,3.0,11.0,"2023/03/11, 16:37:08"
1001940,1001905,RIL,4.0,18.0,"2023/03/11, 16:37:10"
1001941,1001152,INFY,3.0,15.0,"2023/03/11, 16:37:10"
1001942,1001564,ONGC,4.0,13.0,"2023/03/11, 16:37:11"
1001507,1001945,INFY,2.0,17.0,"2023/03/11, 16:37:12"
1001943,1001711,TCS,4.0,15.0,"2023/03/11, 16:37:12"
1001756,1001947,ONGC,4.0,18.0,"2023/03/11, 16:37:13"
1001954,1001085,ONGC,3.0,16.0,"2023/03/11, 16:37:17"
1001903,1001958,ONGC,3.0,17.0,"2023/03/11, 16:37:20"
1001961,1001608,INFY,4.0,11.0,"2023/03/11, 16:37:20"
1001962,1001390,ONGC,3.0,16.0,"2023/03/11, 16:37:21"
1001966,1001183,INFY,5.0,15.0,"2023/03/11, 16:37:23"
1000208,1001967,TCS,3.0,10.0,"2023/03/11, 16:37:23"
1001456,1001968,INFY,4.0,14.0,"2023/03/11, 16:37:24"
1001972,1001219,RIL,4.0,20.0,"2023/03/11, 16:37:26"
1001453,1001976,RIL,4.0,13.0,"2023/03/11, 16:37:28"
1001973,1001861,ONGC,4.0,11.0,"2023/03/11, 16:37:28"
1001981,1001734,TCS,4.0,17.0,"2023/03/11, 16:37:30"
1001984,1001330,TCS,3.0,18.0,"2023/03/11, 16:37:32"
1000833,1001986,TCS,4.0,10.0,"2023/03/11, 16:37:33"
1001342,1001987,RIL,3.0,17.0,"2023/03/11, 16:37:33"
1001358,1001991,INFY,4.0,15.0,"2023/03/11, 16:37:35"
1000624,1001993,ONGC,3.0,19.0,"2023/03/11, 16:37:36"
1001546,1001994,TCS,4.0,11.0,"2023/03/11, 16:37:37"
1001995,1000631,ONGC,5.0,13.0,"2023/03/11, 16:37:38"
1001996,1001367,RIL,4.0,20.0,"2023/03/11, 16:37:38"
1001876,1002000,TCS,4.0,11.0,"2023/03/11, 16:37:40"
1002001,1001150,TCS,3.0,19.0,"2023/03/11, 16:37:41"
1000896,1002007,RIL,3.0,11.0,"2023/03/11, 16:37:44"
1001754,1002005,TCS,5.0,15.0,"2023/03/11, 16:37:44"
1001846,1002009,RIL,4.0,12.0,"2023/03/11, 16:37:45"
1002010,1001070,TCS,4.0,14.0,"2023/03/11, 16:37:45"
1000768,1002011,TCS,5.0,14.0,"2023/03/11, 16:37:46"
1002012,1000858,ONGC,4.0,12.0,"2023/03/11, 16:37:46"
1002015,1000473,ONGC,3.0,20.0,"2023/03/11, 16:37:48"
1002016,1001033,RIL,3.0,16.0,"2023/03/11, 16:37:48"
1002017,1000564,INFY,5.0,18.0,"2023/03/11, 16:37:49"
1002023,1001437,ONGC,3.0,16.0,"2023/03/11, 16:37:52"
1002024,1001003,ONGC,5.0,19.0,"2023/03/11, 16:37:52"
1001959,1002027,RIL,4.0,18.0,"2023/03/11, 16:37:55"
1001318,1002031,INFY,4.0,19.0,"2023/03/11, 16:37:56"
1001406,1002032,INFY,4.0,18.0,"2023/03/11, 16:37:56"
1001035,1002042,INFY,4.0,16.0,"2023/03/11, 16:38:01"
1002004,1002033,ONGC,4.0,11.0,"2023/03/11, 16:38:01"
1001956,1002044,TCS,5.0,14.0,"2023/03/11, 16:38:03"
1002046,1001351,INFY,5.0,13.0,"2023/03/11, 16:38:03"
1001100,1002049,TCS,2.0,19.0,"2023/03/11, 16:38:05"
1001293,1002056,RIL,2.0,12.0,"2023/03/11, 16:38:08"
1001838,1002057,INFY,4.0,12.0,"2023/03/11, 16:38:09"
1001320,1002058,RIL,3.0,15.0,"2023/03/11, 16:38:09"
1001242,1002061,TCS,3.0,11.0,"2023/03/11, 16:38:11"
1000675,1002063,INFY,4.0,17.0,"2023/03/11, 16:38:12"
1002065,1000985,ONGC,4.0,15.0,"2023/03/11, 16:38:13"
1001627,1002066,ONGC,2.0,15.0,"2023/03/11, 16:38:13"
1002073,1001574,ONGC,5.0,12.0,"2023/03/11, 16:38:17"
1000992,1002074,INFY,3.0,20.0,"2023/03/11, 16:38:17"
1001051,1002075,RIL,2.0,19.0,"2023/03/11, 16:38:18"
1001514,1002085,INFY,4.0,18.0,"2023/03/11, 16:38:23"
1001884,1002078,ONGC,5.0,11.0,"2023/03/11, 16:38:23"
1001491,1002089,ONGC,2.0,14.0,"2023/03/11, 16:38:26"
1002091,1001723,RIL,3.0,13.0,"2023/03/11, 16:38:26"
1002094,1001049,TCS,3.0,12.0,"2023/03/11, 16:38:27"
1001122,1002096,ONGC,4.0,19.0,"2023/03/11, 16:38:28"
1002095,1001659,ONGC,3.0,13.0,"2023/03/11, 16:38:28"
1002097,1001625,RIL,3.0,14.0,"2023/03/11, 16:38:29"
1002102,1001360,TCS,3.0,16.0,"2023/03/11, 16:38:31"
1000559,1002103,RIL,4.0,16.0,"2023/03/11, 16:38:32"
1001504,1002106,INFY,4.0,19.0,"2023/03/11, 16:38:33"
1000185,1002107,RIL,5.0,18.0,"2023/03/11, 16:38:34"
1001922,1002112,INFY,3.0,19.0,"2023/03/11, 16:38:36"
1002113,1001577,ONGC,4.0,13.0,"2023/03/11, 16:38:37"
1001467,1002114,INFY,4.0,16.0,"2023/03/11, 16:38:37"
1001435,1002120,TCS,3.0,11.0,"2023/03/11, 16:38:40"
1001415,1002121,ONGC,2.0,20.0,"2023/03/11, 16:38:41"
1001050,1002123,TCS,4.0,10.0,"2023/03/11, 16:38:42"
1002122,1001755,ONGC,5.0,12.0,"2023/03/11, 16:38:42"
1001519,1002126,INFY,3.0,18.0,"2023/03/11, 16:38:43"
1002127,1001474,ONGC,2.0,11.0,"2023/03/11, 16:38:44"
1001638,1002131,RIL,4.0,13.0,"2023/03/11, 16:38:46"
1001990,1002132,INFY,3.0,19.0,"2023/03/11, 16:38:46"
1001640,1002134,INFY,4.0,15.0,"2023/03/11, 16:38:47"
1002136,1001746,INFY,4.0,11.0,"2023/03/11, 16:38:48"
1002138,1001795,RIL,2.0,15.0,"2023/03/11, 16:38:50"
1002139,1001478,ONGC,2.0,11.0,"2023/03/11, 16:38:50"
1002140,1001821,RIL,3.0,19.0,"2023/03/11, 16:38:50"
1001555,1002142,TCS,3.0,11.0,"2023/03/11, 16:38:51"
1001378,1002143,TCS,4.0,13.0,"2023/03/11, 16:38:52"
1002144,1001883,ONGC,5.0,16.0,"2023/03/11, 16:38:52"
1002145,1001222,INFY,2.0,19.0,"2023/03/11, 16:38:53"
1001999,1002147,TCS,5.0,10.0,"2023/03/11, 16:38:54"
1002146,1002043,RIL,5.0,12.0,"2023/03/11, 16:38:54"
1002148,1001702,TCS,3.0,18.0,"2023/03/11, 16:38:54"
1002150,1002039,RIL,2.0,18.0,"2023/03/11, 16:38:56"
1002154,1000486,ONGC,5.0,14.0,"2023/03/11, 16:38:57"
1000672,1002160,ONGC,3.0,19.0,"2023/03/11, 16:39:00"
1001920,1002162,INFY,3.0,18.0,"2023/03/11, 16:39:01"
1001461,1002166,ONGC,3.0,12.0,"2023/03/11, 16:39:03"
1002167,1001143,RIL,4.0,14.0,"2023/03/11, 16:39:04"
1002169,1001006,ONGC,5.0,19.0,"2023/03/11, 16:39:05"
1001645,1002172,INFY,2.0,17.0,"2023/03/11, 16:39:06"
1001553,1002175,ONGC,3.0,18.0,"2023/03/11, 16:39:08"
1001388,1002176,ONGC,4.0,19.0,"2023/03/11, 16:39:08"
1001567,1002178,INFY,3.0,11.0,"2023/03/11, 16:39:09"
1002180,1001837,INFY,4.0,11.0,"2023/03/11, 16:39:10"
1002181,1001276,ONGC,2.0,18.0,"2023/03/11, 16:39:11"
1001649,1002185,INFY,4.0,19.0,"2023/03/11, 16:39:13"
1002188,1000981,TCS,2.0,18.0,"2023/03/11, 16:39:14"
1001337,1002192,ONGC,3.0,14.0,"2023/03/11, 16:39:16"
1002191,1001552,ONGC,2.0,18.0,"2023/03/11, 16:39:16"
1001970,1002193,INFY,4.0,16.0,"2023/03/11, 16:39:17"
1001385,1002195,TCS,3.0,17.0,"2023/03/11, 16:39:18"
1002197,1001839,RIL,3.0,19.0,"2023/03/11, 16:39:19"
1002200,1002006,RIL,5.0,19.0,"2023/03/11, 16:39:21"
1002201,1001563,RIL,4.0,15.0,"2023/03/11, 16:39:21"
1002203,1001597,ONGC,2.0,16.0,"2023/03/11, 16:39:22"
1002208,1001349,ONGC,3.0,15.0,"2023/03/11, 16:39:24"
1002214,1001067,INFY,5.0,18.0,"2023/03/11, 16:39:27"
1002117,1002216,INFY,4.0,19.0,"2023/03/11, 16:39:28"
1001215,1002218,TCS,2.0,19.0,"2023/03/11, 16:39:29"
1002220,1000657,RIL,3.0,12.0,"2023/03/11, 16:39:30"
1002221,1001251,ONGC,3.0,11.0,"2023/03/11, 16:39:31"
1002222,1001430,TCS,2.0,15.0,"2023/03/11, 16:39:31"
1001919,1002224,TCS,4.0,11.0,"2023/03/11, 16:39:32"
1001761,1002228,TCS,4.0,20.0,"2023/03/11, 16:39:36"
1002231,1001599,ONGC,4.0,13.0,"2023/03/11, 16:39:36"
1002233,1002082,TCS,5.0,15.0,"2023/03/11, 16:39:38"
1002234,1001409,INFY,2.0,19.0,"2023/03/11, 16:39:38"
1002236,1001946,TCS,2.0,17.0,"2023/03/11, 16:39:39"
1002237,1001661,INFY,2.0,15.0,"2023/03/11, 16:39:39"
1002239,1001803,ONGC,3.0,16.0,"2023/03/11, 16:39:40"
1001068,1002244,RIL,2.0,19.0,"2023/03/11, 16:39:43"
1001721,1002245,ONGC,4.0,19.0,"2023/03/11, 16:39:43"
1002248,1001521,INFY,3.0,15.0,"2023/03/11, 16:39:45"
1002253,1002118,INFY,3.0,16.0,"2023/03/11, 16:39:49"
1002256,1001957,ONGC,3.0,11.0,"2023/03/11, 16:39:49"
1001709,1002257,ONGC,2.0,20.0,"2023/03/11, 16:39:50"
1002258,1002170,ONGC,3.0,17.0,"2023/03/11, 16:39:50"
1002260,1001218,ONGC,4.0,15.0,"2023/03/11, 16:39:51"
1002261,1001713,ONGC,2.0,16.0,"2023/03/11, 16:39:51"
1002262,1001977,TCS,3.0,18.0,"2023/03/11, 16:39:52"
1002263,1001699,ONGC,5.0,17.0,"2023/03/11, 16:39:52"
1001270,1002265,RIL,2.0,19.0,"2023/03/11, 16:39:54"
1002266,1002083,INFY,5.0,10.0,"2023/03/11, 16:39:54"
1002268,1000182,INFY,5.0,20.0,"2023/03/11, 16:39:55"
1000982,1002272,INFY,4.0,17.0,"2023/03/11, 16:39:57"
1002277,1002071,RIL,3.0,19.0,"2023/03/11, 16:40:00"
1002278,1001238,RIL,5.0,17.0,"2023/03/11, 16:40:00"
1002280,1002202,INFY,3.0,12.0,"2023/03/11, 16:40:02"
1002283,1001753,INFY,3.0,10.0,"2023/03/11, 16:40:02"
1001561,1002285,ONGC,3.0,12.0,"2023/03/11, 16:40:03"
1001632,1002288,ONGC,3.0,12.0,"2023/03/11, 16:40:05"
1001536,1002293,INFY,4.0,18.0,"2023/03/11, 16:40:07"
1001628,1002294,ONGC,4.0,16.0,"2023/03/11, 16:40:08"
1002295,1001937,TCS,4.0,17.0,"2023/03/11, 16:40:08"
1001494,1002296,TCS,4.0,13.0,"2023/03/11, 16:40:09"
1001822,1002297,RIL,2.0,14.0,"2023/03/11, 16:40:09"
1002299,1001720,RIL,4.0,11.0,"2023/03/11, 16:40:10"
1002302,1001433,ONGC,3.0,15.0,"2023/03/11, 16:40:12"
1002227,1002303,RIL,3.0,13.0,"2023/03/11, 16:40:13"
1002304,1001228,TCS,4.0,14.0,"2023/03/11, 16:40:13"
1000510,1002305,RIL,3.0,10.0,"2023/03/11, 16:40:13"
1001983,1002307,INFY,3.0,18.0,"2023/03/11, 16:40:14"
1002098,1002315,TCS,4.0,12.0,"2023/03/11, 16:40:18"
1002316,1001908,ONGC,3.0,16.0,"2023/03/11, 16:40:19"
1000919,1002319,RIL,5.0,14.0,"2023/03/11, 16:40:20"
1002317,1001857,RIL,5.0,15.0,"2023/03/11, 16:40:20"
1001324,1002323,RIL,3.0,15.0,"2023/03/11, 16:40:22"
1002242,1002324,INFY,3.0,18.0,"2023/03/11, 16:40:23"
1002327,1001633,RIL,2.0,13.0,"2023/03/11, 16:40:24"
1002328,1001583,TCS,3.0,12.0,"2023/03/11, 16:40:25"
1002168,1002330,TCS,4.0,13.0,"2023/03/11, 16:40:26"
1002210,1002329,TCS,4.0,19.0,"2023/03/11, 16:40:26"
1002331,1000531,TCS,4.0,16.0,"2023/03/11, 16:40:26"
1001606,1002332,RIL,2.0,16.0,"2023/03/11, 16:40:27"
1001939,1002333,TCS,2.0,19.0,"2023/03/11, 16:40:27"
1002336,1002232,TCS,5.0,17.0,"2023/03/11, 16:40:29"
1002339,1000741,RIL,3.0,12.0,"2023/03/11, 16:40:30"
1002340,1000744,RIL,3.0,12.0,"2023/03/11, 16:40:31"
1000824,1002341,RIL,4.0,16.0,"2023/03/11, 16:40:31"
1002238,1002342,ONGC,4.0,14.0,"2023/03/11, 16:40:32"
1001786,1002349,INFY,4.0,15.0,"2023/03/11, 16:40:35"
1002165,1002351,INFY,4.0,19.0,"2023/03/11, 16:40:36"
1001855,1002357,TCS,3.0,11.0,"2023/03/11, 16:40:39"
1002355,1001845,RIL,4.0,15.0,"2023/03/11, 16:40:39"
1002359,1001679,INFY,2.0,12.0,"2023/03/11, 16:40:40"
1002361,1002059,INFY,3.0,14.0,"2023/03/11, 16:40:41"
1002363,1001259,TCS,3.0,19.0,"2023/03/11, 16:40:42"
1002365,1001047,RIL,3.0,12.0,"2023/03/11, 16:40:43"
1002124,1002366,INFY,4.0,15.0,"2023/03/11, 16:40:44"
1000926,1002368,RIL,4.0,16.0,"2023/03/11, 16:40:45"
1002370,1001379,TCS,4.0,18.0,"2023/03/11, 16:40:46"
1002371,1002276,TCS,5.0,17.0,"2023/03/11, 16:40:46"
1001932,1002372,TCS,4.0,11.0,"2023/03/11, 16:40:47"
1002240,1002373,RIL,5.0,12.0,"2023/03/11, 16:40:47"
1002374,1000947,ONGC,4.0,12.0,"2023/03/11, 16:40:48"
1002375,1000660,TCS,3.0,14.0,"2023/03/11, 16:40:48"
1001482,1002377,INFY,4.0,14.0,"2023/03/11, 16:40:49"
1001510,1002380,RIL,3.0,15.0,"2023/03/11, 16:40:51"
1001074,1002381,TCS,5.0,18.0,"2023/03/11, 16:40:51"
1001665,1002386,ONGC,3.0,12.0,"2023/03/11, 16:40:54"
1002388,1000549,INFY,5.0,12.0,"2023/03/11, 16:40:55"
1002390,1001281,RIL,3.0,18.0,"2023/03/11, 16:40:56"
1002156,1002397,INFY,4.0,15.0,"2023/03/11, 16:41:00"
1002398,1000496,TCS,2.0,14.0,"2023/03/11, 16:41:00"
1002400,1002396,INFY,3.0,12.0,"2023/03/11, 16:41:03"
1002404,1002037,ONGC,5.0,16.0,"2023/03/11, 16:41:03"
1002405,1001558,RIL,3.0,12.0,"2023/03/11, 16:41:03"
1002409,1001787,ONGC,4.0,13.0,"2023/03/11, 16:41:05"
1001980,1002410,TCS,3.0,11.0,"2023/03/11, 16:41:06"
1002414,1001788,INFY,2.0,15.0,"2023/03/11, 16:41:08"
1002415,1002018,TCS,5.0,11.0,"2023/03/11, 16:41:09"
1002416,1000642,ONGC,3.0,20.0,"2023/03/11, 16:41:09"
1002418,1001833,INFY,2.0,15.0,"2023/03/11, 16:41:10"
1002419,1001765,RIL,3.0,18.0,"2023/03/11, 16:41:10"
1002421,1001266,TCS,4.0,14.0,"2023/03/11, 16:41:11"
1001623,1002423,INFY,4.0,14.0,"2023/03/11, 16:41:12"
1002219,1002422,TCS,4.0,12.0,"2023/03/11, 16:41:12"
1002425,1001897,INFY,2.0,12.0,"2023/03/11, 16:41:14"
1002426,1001565,TCS,2.0,15.0,"2023/03/11, 16:41:14"
1002430,1000558,TCS,4.0,16.0,"2023/03/11, 16:41:16"
1002431,1001697,TCS,5.0,19.0,"2023/03/11, 16:41:16"
1002433,1001683,TCS,2.0,12.0,"2023/03/11, 16:41:18"
1002435,1000855,ONGC,4.0,20.0,"2023/03/11, 16:41:19"
1000994,1002436,INFY,4.0,17.0,"2023/03/11, 16:41:19"
1002440,1001464,INFY,5.0,13.0,"2023/03/11, 16:41:21"
1002441,1002021,RIL,4.0,12.0,"2023/03/11, 16:41:22"
1002446,1001825,RIL,3.0,14.0,"2023/03/11, 16:41:24"
1002448,1002432,RIL,5.0,15.0,"2023/03/11, 16:41:26"
1002449,1001875,INFY,5.0,15.0,"2023/03/11, 16:41:26"
1002287,1002450,RIL,5.0,12.0,"2023/03/11, 16:41:26"
1002452,1001654,INFY,5.0,18.0,"2023/03/11, 16:41:27"
1001075,1002456,RIL,3.0,11.0,"2023/03/11, 16:41:29"
1002457,1001488,INFY,5.0,13.0,"2023/03/11, 16:41:30"
1002458,1002002,RIL,4.0,19.0,"2023/03/11, 16:41:30"
1002460,1002081,RIL,4.0,12.0,"2023/03/11, 16:41:31"
1002186,1002461,RIL,2.0,16.0,"2023/03/11, 16:41:32"
1002462,1001971,TCS,4.0,15.0,"2023/03/11, 16:41:32"
1002463,1001948,RIL,3.0,18.0,"2023/03/11, 16:41:33"
1002467,1002445,TCS,4.0,12.0,"2023/03/11, 16:41:35"
1002468,1001451,ONGC,3.0,15.0,"2023/03/11, 16:41:35"
1001835,1002471,INFY,4.0,14.0,"2023/03/11, 16:41:37"
1000800,1002478,ONGC,3.0,19.0,"2023/03/11, 16:41:40"
1002194,1002477,TCS,4.0,13.0,"2023/03/11, 16:41:40"
1002479,1002171,TCS,4.0,17.0,"2023/03/11, 16:41:41"
1002483,1002367,RIL,4.0,12.0,"2023/03/11, 16:41:43"
1002484,1002055,INFY,2.0,15.0,"2023/03/11, 16:41:43"
1002485,1001497,TCS,3.0,16.0,"2023/03/11, 16:41:44"
1002281,1002489,ONGC,4.0,14.0,"2023/03/11, 16:41:46"
1002488,1002424,RIL,4.0,19.0,"2023/03/11, 16:41:46"
1001969,1002490,INFY,4.0,14.0,"2023/03/11, 16:41:46"
1002229,1002494,INFY,4.0,14.0,"2023/03/11, 16:41:48"
1002497,1001836,ONGC,4.0,13.0,"2023/03/11, 16:41:50"
1002038,1002499,INFY,2.0,16.0,"2023/03/11, 16:41:51"
1002189,1002498,ONGC,4.0,11.0,"2023/03/11, 16:41:51"
1001744,1002500,RIL,4.0,10.0,"2023/03/11, 16:41:52"
1002502,1001498,TCS,2.0,18.0,"2023/03/11, 16:41:52"
1001099,1002505,TCS,3.0,13.0,"2023/03/11, 16:41:54"
1001022,1002507,INFY,4.0,17.0,"2023/03/11, 16:41:55"
1002506,1002199,INFY,5.0,17.0,"2023/03/11, 16:41:55"
1002508,1001533,ONGC,3.0,15.0,"2023/03/11, 16:41:55"
1002434,1002510,INFY,4.0,15.0,"2023/03/11, 16:41:56"
1002513,1002350,RIL,3.0,18.0,"2023/03/11, 16:41:58"
1002520,1001403,TCS,4.0,14.0,"2023/03/11, 16:42:01"
1001992,1002523,ONGC,4.0,17.0,"2023/03/11, 16:42:03"
1002250,1002528,INFY,3.0,18.0,"2023/03/11, 16:42:05"
1002524,1002292,RIL,3.0,19.0,"2023/03/11, 16:42:05"
1001042,1002531,RIL,4.0,16.0,"2023/03/11, 16:42:07"
1002532,1001213,ONGC,5.0,19.0,"2023/03/11, 16:42:07"
1002034,1002534,INFY,3.0,19.0,"2023/03/11, 16:42:08"
1001728,1002535,ONGC,4.0,19.0,"2023/03/11, 16:42:09"
1001246,1002542,RIL,5.0,14.0,"2023/03/11, 16:42:13"
1001636,1002544,ONGC,3.0,18.0,"2023/03/11, 16:42:13"
1002546,1000711,TCS,4.0,16.0,"2023/03/11, 16:42:14"
1002547,1001444,INFY,3.0,17.0,"2023/03/11, 16:42:15"
1001849,1002548,ONGC,3.0,12.0,"2023/03/11, 16:42:15"
1002549,1001093,ONGC,5.0,15.0,"2023/03/11, 16:42:16"
1001670,1002552,TCS,3.0,17.0,"2023/03/11, 16:42:17"
1002557,1001726,RIL,4.0,11.0,"2023/03/11, 16:42:20"
1002561,1002064,ONGC,3.0,16.0,"2023/03/11, 16:42:22"
1002562,1001899,TCS,3.0,20.0,"2023/03/11, 16:42:22"
1002475,1002565,INFY,4.0,15.0,"2023/03/11, 16:42:24"
1002567,1002062,TCS,5.0,16.0,"2023/03/11, 16:42:25"
1002048,1002571,INFY,2.0,16.0,"2023/03/11, 16:42:27"
1002313,1002572,ONGC,4.0,14.0,"2023/03/11, 16:42:27"
1002573,1000507,TCS,5.0,12.0,"2023/03/11, 16:42:28"
1001717,1002576,RIL,4.0,13.0,"2023/03/11, 16:42:29"
1001216,1002577,RIL,4.0,16.0,"2023/03/11, 16:42:30"
1001888,1002578,RIL,3.0,11.0,"2023/03/11, 16:42:30"
1002580,1001805,RIL,3.0,12.0,"2023/03/11, 16:42:31"
1001698,1002584,TCS,3.0,17.0,"2023/03/11, 16:42:33"
1002129,1002587,TCS,2.0,19.0,"2023/03/11, 16:42:35"
1002563,1002585,INFY,4.0,15.0,"2023/03/11, 16:42:35"
1001878,1002593,RIL,4.0,13.0,"2023/03/11, 16:42:38"
1002596,1001007,INFY,2.0,14.0,"2023/03/11, 16:42:39"
1002230,1002601,INFY,4.0,19.0,"2023/03/11, 16:42:42"
1001938,1002602,ONGC,3.0,12.0,"2023/03/11, 16:42:42"
1002518,1002605,ONGC,2.0,18.0,"2023/03/11, 16:42:45"
1002608,1001778,INFY,5.0,18.0,"2023/03/11, 16:42:45"
1001696,1002609,ONGC,3.0,18.0,"2023/03/11, 16:42:46"
1002613,1001911,INFY,4.0,11.0,"2023/03/11, 16:42:48"
1002621,1001671,TCS,2.0,15.0,"2023/03/11, 16:42:52"
1002622,1001985,RIL,3.0,12.0,"2023/03/11, 16:42:52"
1002026,1002625,TCS,4.0,11.0,"2023/03/11, 16:42:54"
1002627,1001965,INFY,2.0,19.0,"2023/03/11, 16:42:55"
1001860,1002632,INFY,4.0,12.0,"2023/03/11, 16:42:57"
1002137,1002629,ONGC,4.0,17.0,"2023/03/11, 16:42:57"
1002533,1002634,RIL,2.0,17.0,"2023/03/11, 16:42:58"
1002633,1002135,TCS,5.0,11.0,"2023/03/11, 16:42:58"
1002637,1001452,RIL,4.0,14.0,"2023/03/11, 16:43:00"
1002300,1002638,RIL,2.0,19.0,"2023/03/11, 16:43:00"
1002282,1002643,INFY,3.0,16.0,"2023/03/11, 16:43:03"
1002574,1002641,INFY,3.0,12.0,"2023/03/11, 16:43:03"
1002647,1001031,TCS,5.0,12.0,"2023/03/11, 16:43:05"
1000408,1002651,RIL,4.0,17.0,"2023/03/11, 16:43:07"
1002652,1002174,RIL,3.0,14.0,"2023/03/11, 16:43:07"
1001997,1002653,TCS,3.0,11.0,"2023/03/11, 16:43:08"
1002385,1002666,RIL,2.0,15.0,"2023/03/11, 16:43:15"
1002658,1002354,INFY,5.0,18.0,"2023/03/11, 16:43:15"
1001964,1002667,INFY,3.0,11.0,"2023/03/11, 16:43:15"
1002047,1002669,TCS,3.0,11.0,"2023/03/11, 16:43:16"
1002581,1002668,INFY,4.0,19.0,"2023/03/11, 16:43:16"
1002671,1001348,TCS,3.0,19.0,"2023/03/11, 16:43:17"
1002541,1002673,ONGC,4.0,14.0,"2023/03/11, 16:43:20"
1002677,1000670,RIL,5.0,13.0,"2023/03/11, 16:43:20"
1002243,1002689,ONGC,4.0,16.0,"2023/03/11, 16:43:26"
1002688,1002645,RIL,4.0,19.0,"2023/03/11, 16:43:26"
1002690,1002025,RIL,3.0,12.0,"2023/03/11, 16:43:27"
1002696,1001725,TCS,3.0,12.0,"2023/03/11, 16:43:30"
1002699,1000820,INFY,4.0,20.0,"2023/03/11, 16:43:31"
1002700,1000778,TCS,4.0,16.0,"2023/03/11, 16:43:32"
1002701,1001465,TCS,3.0,19.0,"2023/03/11, 16:43:32"
1002703,1001928,INFY,3.0,15.0,"2023/03/11, 16:43:33"
1002706,1001989,ONGC,3.0,11.0,"2023/03/11, 16:43:35"
1001479,1002712,RIL,3.0,17.0,"2023/03/11, 16:43:38"
1002715,1002309,RIL,3.0,13.0,"2023/03/11, 16:43:39"
1002716,1002279,INFY,2.0,19.0,"2023/03/11, 16:43:40"
1002718,1000210,INFY,5.0,20.0,"2023/03/11, 16:43:41"
1002719,1001316,ONGC,5.0,19.0,"2023/03/11, 16:43:41"
1002720,1002710,ONGC,4.0,14.0,"2023/03/11, 16:43:42"
1002721,1002401,TCS,3.0,18.0,"2023/03/11, 16:43:42"
1002347,1002722,ONGC,3.0,12.0,"2023/03/11, 16:43:43"
1002724,1001485,TCS,4.0,18.0,"2023/03/11, 16:43:44"
1002726,1002213,RIL,5.0,19.0,"2023/03/11, 16:43:46"
1002728,1002395,TCS,4.0,17.0,"2023/03/11, 16:43:46"
1002731,1001402,ONGC,5.0,19.0,"2023/03/11, 16:43:47"
1002093,1002735,INFY,4.0,16.0,"2023/03/11, 16:43:49"
1001700,1002737,INFY,5.0,19.0,"2023/03/11, 16:43:50"
1002736,1002529,TCS,4.0,13.0,"2023/03/11, 16:43:50"
1001813,1002738,ONGC,2.0,12.0,"2023/03/11, 16:43:51"
1002740,1001189,INFY,2.0,14.0,"2023/03/11, 16:43:52"
1002741,1002487,RIL,3.0,18.0,"2023/03/11, 16:43:52"
1002742,1001963,RIL,4.0,11.0,"2023/03/11, 16:43:53"
1002128,1002744,INFY,3.0,19.0,"2023/03/11, 16:43:57"
1002235,1002750,ONGC,3.0,13.0,"2023/03/11, 16:43:57"
1002753,1002090,INFY,2.0,15.0,"2023/03/11, 16:43:58"
1002754,1002019,INFY,4.0,11.0,"2023/03/11, 16:43:59"
1002756,1000772,TCS,5.0,13.0,"2023/03/11, 16:44:00"
1002757,1000306,RIL,2.0,10.0,"2023/03/11, 16:44:00"
1002758,1002051,ONGC,4.0,13.0,"2023/03/11, 16:44:01"
1002759,1001988,TCS,4.0,15.0,"2023/03/11, 16:44:01"
1002761,1001513,RIL,5.0,17.0,"2023/03/11, 16:44:02"
1000571,1002763,ONGC,2.0,19.0,"2023/03/11, 16:44:03"
1002685,1002764,INFY,3.0,12.0,"2023/03/11, 16:44:05"
1002767,1002159,INFY,3.0,14.0,"2023/03/11, 16:44:05"
1001910,1002768,TCS,3.0,13.0,"2023/03/11, 16:44:06"
1002770,1002022,ONGC,3.0,11.0,"2023/03/11, 16:44:07"
1001797,1002775,TCS,3.0,17.0,"2023/03/11, 16:44:10"
1002772,1002346,TCS,4.0,15.0,"2023/03/11, 16:44:10"
1002776,1002158,RIL,3.0,12.0,"2023/03/11, 16:44:10"
1001164,1002777,INFY,4.0,17.0,"2023/03/11, 16:44:10"
1001864,1002778,ONGC,4.0,19.0,"2023/03/11, 16:44:11"
1002399,1002783,RIL,4.0,15.0,"2023/03/11, 16:44:13"
1002781,1002681,TCS,5.0,11.0,"2023/03/11, 16:44:13"
1002784,1001554,TCS,4.0,18.0,"2023/03/11, 16:44:14"
1001323,1002785,INFY,4.0,17.0,"2023/03/11, 16:44:14"
1002786,1001722,RIL,4.0,20.0,"2023/03/11, 16:44:15"
1002787,1002068,RIL,4.0,11.0,"2023/03/11, 16:44:15"
1002790,1002491,TCS,3.0,18.0,"2023/03/11, 16:44:17"
1002792,1002105,INFY,5.0,12.0,"2023/03/11, 16:44:18"
1002795,1002454,TCS,5.0,16.0,"2023/03/11, 16:44:19"
1002796,1002060,ONGC,4.0,13.0,"2023/03/11, 16:44:20"
1002797,1002417,TCS,4.0,17.0,"2023/03/11, 16:44:20"
1002800,1001865,RIL,4.0,20.0,"2023/03/11, 16:44:22"
1001380,1002801,TCS,5.0,18.0,"2023/03/11, 16:44:22"
1002702,1002802,ONGC,2.0,18.0,"2023/03/11, 16:44:24"
1002803,1002453,INFY,2.0,11.0,"2023/03/11, 16:44:24"
1002807,1002076,TCS,3.0,16.0,"2023/03/11, 16:44:25"
1002079,1002809,ONGC,3.0,18.0,"2023/03/11, 16:44:27"
1002811,1001066,INFY,4.0,20.0,"2023/03/11, 16:44:27"
1002814,1002087,TCS,3.0,16.0,"2023/03/11, 16:44:29"
1002527,1002815,RIL,4.0,12.0,"2023/03/11, 16:44:30"
1002466,1002820,ONGC,5.0,16.0,"2023/03/11, 16:44:32"
1002817,1001930,ONGC,2.0,16.0,"2023/03/11, 16:44:32"
1002821,1001374,INFY,3.0,13.0,"2023/03/11, 16:44:33"
1002345,1002823,ONGC,5.0,12.0,"2023/03/11, 16:44:34"
1002824,1001655,INFY,3.0,17.0,"2023/03/11, 16:44:34"
1002828,1000812,TCS,4.0,16.0,"2023/03/11, 16:44:36"
1002830,1000931,INFY,2.0,13.0,"2023/03/11, 16:44:37"
1001690,1002833,INFY,2.0,17.0,"2023/03/11, 16:44:39"
1000988,1002835,TCS,3.0,15.0,"2023/03/11, 16:44:40"
1002382,1002836,RIL,2.0,19.0,"2023/03/11, 16:44:40"
1002838,1002053,ONGC,2.0,13.0,"2023/03/11, 16:44:41"
1002839,1001570,ONGC,3.0,15.0,"2023/03/11, 16:44:42"
1001343,1002840,TCS,2.0,11.0,"2023/03/11, 16:44:42"
1002841,1001694,INFY,3.0,13.0,"2023/03/11, 16:44:43"
1002707,1002844,RIL,4.0,15.0,"2023/03/11, 16:44:44"
1002845,1001292,ONGC,4.0,15.0,"2023/03/11, 16:44:45"
1001727,1002848,INFY,2.0,18.0,"2023/03/11, 16:44:46"
1002789,1002847,INFY,4.0,19.0,"2023/03/11, 16:44:46"
1000478,1002849,INFY,4.0,10.0,"2023/03/11, 16:44:47"
1002850,1001298,TCS,2.0,16.0,"2023/03/11, 16:44:47"
1002723,1002853,RIL,4.0,15.0,"2023/03/11, 16:44:49"
1002842,1002858,INFY,3.0,19.0,"2023/03/11, 16:44:51"
1002857,1001998,TCS,2.0,12.0,"2023/03/11, 16:44:51"
1002612,1002859,RIL,2.0,19.0,"2023/03/11, 16:44:52"
1002860,1002110,INFY,5.0,12.0,"2023/03/11, 16:44:53"
1002861,1002211,ONGC,3.0,11.0,"2023/03/11, 16:44:53"
1002862,1000754,TCS,3.0,14.0,"2023/03/11, 16:44:53"
1002119,1002869,TCS,4.0,11.0,"2023/03/11, 16:44:57"
1002607,1002868,ONGC,5.0,11.0,"2023/03/11, 16:44:57"
1002873,1001317,INFY,4.0,20.0,"2023/03/11, 16:44:59"
1002874,1002362,RIL,3.0,14.0,"2023/03/11, 16:44:59"
1002773,1002875,INFY,4.0,15.0,"2023/03/11, 16:45:00"
1002876,1000952,ONGC,2.0,17.0,"2023/03/11, 16:45:00"
1002515,1002878,ONGC,3.0,12.0,"2023/03/11, 16:45:01"
1002883,1001764,TCS,4.0,18.0,"2023/03/11, 16:45:04"
1002884,1001801,INFY,3.0,17.0,"2023/03/11, 16:45:04"
1002747,1002885,ONGC,4.0,11.0,"2023/03/11, 16:45:06"
1002887,1000900,TCS,4.0,16.0,"2023/03/11, 16:45:06"
1002890,1001410,RIL,3.0,16.0,"2023/03/11, 16:45:07"
1001361,1002893,RIL,2.0,12.0,"2023/03/11, 16:45:09"
1002628,1002894,RIL,5.0,14.0,"2023/03/11, 16:45:09"
1002895,1002564,TCS,5.0,16.0,"2023/03/11, 16:45:11"
1002897,1000929,RIL,5.0,13.0,"2023/03/11, 16:45:11"
1001974,1002905,RIL,4.0,13.0,"2023/03/11, 16:45:15"
1002904,1002684,TCS,2.0,19.0,"2023/03/11, 16:45:15"
1002782,1002907,INFY,5.0,17.0,"2023/03/11, 16:45:18"
1002911,1001500,INFY,4.0,13.0,"2023/03/11, 16:45:18"
1002913,1001830,TCS,3.0,12.0,"2023/03/11, 16:45:19"
1002914,1002030,RIL,3.0,16.0,"2023/03/11, 16:45:19"
1002915,1002648,TCS,3.0,12.0,"2023/03/11, 16:45:20"
1001261,1002917,ONGC,4.0,10.0,"2023/03/11, 16:45:21"
1002794,1002919,ONGC,3.0,13.0,"2023/03/11, 16:45:22"
1002920,1002616,TCS,4.0,19.0,"2023/03/11, 16:45:22"
1002921,1002881,ONGC,3.0,10.0,"2023/03/11, 16:45:24"
1002924,1002187,INFY,3.0,13.0,"2023/03/11, 16:45:24"
1002925,1001952,INFY,3.0,15.0,"2023/03/11, 16:45:25"
1001892,1002928,INFY,4.0,18.0,"2023/03/11, 16:45:26"
1002455,1002931,ONGC,4.0,16.0,"2023/03/11, 16:45:28"
1002929,1002769,ONGC,3.0,17.0,"2023/03/11, 16:45:28"
1002934,1002427,RIL,3.0,14.0,"2023/03/11, 16:45:29"
1002274,1002936,ONGC,2.0,12.0,"2023/03/11, 16:45:31"
1002674,1002937,TCS,4.0,20.0,"2023/03/11, 16:45:31"
1001416,1002939,RIL,4.0,16.0,"2023/03/11, 16:45:32"
1002938,1002708,TCS,3.0,12.0,"2023/03/11, 16:45:32"
1000882,1002944,ONGC,3.0,19.0,"2023/03/11, 16:45:34"
1002943,1002680,RIL,3.0,14.0,"2023/03/11, 16:45:34"
1002949,1001732,INFY,5.0,16.0,"2023/03/11, 16:45:37"
1002950,1002746,TCS,3.0,18.0,"2023/03/11, 16:45:37"
1002951,1001601,RIL,4.0,14.0,"2023/03/11, 16:45:38"
1002955,1001438,RIL,5.0,13.0,"2023/03/11, 16:45:40"
1001373,1002956,INFY,4.0,17.0,"2023/03/11, 16:45:40"
1002959,1001715,ONGC,4.0,15.0,"2023/03/11, 16:45:42"
1002960,1002196,ONGC,4.0,15.0,"2023/03/11, 16:45:42"
1002962,1002252,ONGC,5.0,19.0,"2023/03/11, 16:45:43"
1002963,1002013,RIL,2.0,13.0,"2023/03/11, 16:45:44"
1002901,1002966,INFY,5.0,18.0,"2023/03/11, 16:45:45"
1002965,1002662,RIL,3.0,18.0,"2023/03/11, 16:45:45"
1002755,1002968,RIL,4.0,15.0,"2023/03/11, 16:45:48"
1002972,1002104,TCS,3.0,16.0,"2023/03/11, 16:45:48"
1002020,1002975,INFY,3.0,11.0,"2023/03/11, 16:45:50"
1002976,1002555,INFY,2.0,19.0,"2023/03/11, 16:45:51"
1002977,1002290,ONGC,2.0,13.0,"2023/03/11, 16:45:51"
1002543,1002980,INFY,3.0,10.0,"2023/03/11, 16:45:53"
1002981,1001432,TCS,4.0,14.0,"2023/03/11, 16:45:53"
1000446,1002983,TCS,2.0,13.0,"2023/03/11, 16:45:54"
1001927,1002987,TCS,3.0,13.0,"2023/03/11, 16:45:56"
1002989,1001102,TCS,5.0,12.0,"2023/03/11, 16:45:57"
1002926,1002990,ONGC,3.0,13.0,"2023/03/11, 16:46:00"
1002995,1002923,TCS,5.0,16.0,"2023/03/11, 16:46:00"
